pnl,size,leverage
-0.06960724949118643,,
-0.19796327410399925,,
-0.7374793637087877,,
-0.30292077446397697,,
-0.3612073103832042,,
-0.28212940000000875,,
-0.45835005980798704,,
-0.29019434065438954,,
-0.10920627765600127,,
-0.09823415457920066,,
-0.13097254801677652,,
-0.09483157724797439,,
-0.40998359999995804,,
-0.32277000974401826,,
-0.19993958060799516,,
-0.3044149743199922,,
-0.379271792899984,,
-0.270009616464009,,
-0.7862895898799791,,
-0.1424098259167857,,
-0.188337199999984,,
-0.40202042908800073,,
-0.20006078060799207,,
-0.16045245035519415,,
-1.3091933737063077,,
-0.19452598060801363,,
-0.2134791820479774,,
-0.13612027822077077,,
-0.395036445935994,,
-0.4791274680815889,,
-0.16036797039357914,,
-0.44452943897599084,,
-0.13743783959359696,,
-0.29899636422398274,,
-0.4753166448800029,,
-0.18036809445598856,,
-0.19277207942243596,,
-0.2550451951520015,,
-0.18449807815034186,,
-0.2927023999999751,,
-0.18279847539998362,,
-0.3616917623000101,,
-0.16671980601602793,,
-0.18426107523358637,,
-0.24502449124001652,,
-0.1206289878815585,,
-0.3561058193919776,,
-0.48198306662398954,,
-0.06553236678398695,,
-0.1313937425231786,,
-0.36723701967997624,,
-0.2716752940719893,,
-0.2044388399999908,,
-0.15630296427358015,,
-0.387309446999965,,
-0.17187847371997428,,
-0.1519499344048324,,
0.08939477519199229,,
-0.22250786017595525,,
-0.25187687644000023,,
-0.18755549603998728,,
-0.14657776440479608,,
-0.17313446831999904,,
-0.32201919112799327,,
-0.4573800431999732,,
-0.13341596543998135,,
-0.18915117062398762,,
0.3970776701360031,,
-0.12743566444798304,,
-0.42366965088960207,,
-0.8167489229087921,,
-0.09635085667998594,,
-2.0728998312799862,,
-0.16872983492158292,,
1.4104893914400076,,
-0.2903979999999427,,
-0.14667021435917238,,
-0.37805120000000125,,
-0.13813703920477083,,
-0.2865528599999904,,
-0.4415904328320279,,
-0.17376809128798607,,
-0.2784209999999784,,
-0.05686249245604147,,
-0.2456443898239662,,
-0.21828510622560998,,
-0.13706117731601453,,
-0.16774476721599726,,
-0.11925957828476907,,
-0.138002914347985,,
-0.08747453831997717,,
-0.17507942163599022,,
-0.5476925252943823,,
-0.9334881536175801,,
-1.163668986912002,,
-0.2058055825280079,,
-0.3295165140951883,,
-0.14750020981439374,,
-0.24478556155194486,,
-0.31315811999998,,
-0.21308986501438132,,
-0.3405965348296082,,
-0.43148199999998876,,
-0.2934680456105004,,
-0.37075768078271953,,
-0.3516895884799933,,
-0.38751599999997455,,
-0.4063211999999927,,
-0.3025199000000065,,
-0.2446099615040016,,
-0.24978178987199917,,
-0.3580575900159834,,
-0.32248730770396516,,
-0.6212681746343334,,
-0.3616033298863549,,
-0.3294446840879735,,
-0.22857628480800027,,
-0.33462247655197214,,
-0.4184045502621605,,
0.25903116902402307,,
-0.20672594748556683,,
-0.30118739999997923,,
-0.6158241186799948,,
-0.4046651999999947,,
-0.5123934832640114,,
-0.39558527999999793,,
-0.40357478000000324,,
-0.40061918399997476,,
-0.20667042747116293,,
-0.15550506418560378,,
-0.1406618362799671,,
-0.4316385999999752,,
-0.29332436340542095,,
-0.29185519999997434,,
-0.16911916563198331,,
-0.30103199999996266,,
-0.3884846799999517,,
-0.2790319999999904,,
-0.38263679999996636,,
-0.30424952000000005,,
-0.4425181589087871,,
-0.24489836140793542,,
-0.34772478771200466,,
-0.4057785300000077,,
-0.567978040166385,,
-0.5126744000000142,,
-0.8909356155599878,,
-0.5072860165559838,,
-0.30936060000000937,,
-0.6327590130579106,,
-0.2988143999999646,,
-0.30405759999999576,,
-0.40489439999999777,,
-0.393579048816001,,
-0.4003777400000085,,
-0.2616095669759775,,
-0.5263358715359518,,
-0.44639994640634073,,
-0.18919179999997615,,
-0.3191159087999688,,
-1.4444462232959743,,
-0.3853440207359997,,
-0.5515539363999631,,
-0.39908454205699984,,
-0.24159593285517603,,
-0.32537878070399895,,
-0.3065439777279829,,
-0.3793415049863894,,
-0.6001148649040056,,
-0.6918828729119975,,
-1.1155712153825803,,
-0.5697246384479915,,
-0.46157804367997546,,
-0.5593618311640114,,
-0.5584896622079799,,
-0.40086895999999017,,
-0.9776481113599329,,
-0.5785658040831976,,
-0.40506209999999077,,
-0.3602480134399744,,
-0.6458011037026479,,
-0.3433201873759887,,
-0.13242375056064948,,
-0.3658643889119942,,
-0.3350915801279989,,
-0.4087367713919715,,
-0.30145379999997246,,
-0.3037875200000033,,
-0.19429794911997758,,
-0.3116929199999911,,
-0.38528219999997115,,
-0.3774628846455924,,
-0.4045111399999769,,
-0.40587399999998464,,
-0.6721728741479501,,
1.0357375397712523,,
-0.28032619476799714,,
-0.6366847436940399,,
-0.886279785895972,,
-0.6017265582327602,,
-0.20644339999999,,
0.044128838368874046,,
-0.6000951451439261,,
-0.5251065529776079,,
-0.1155337575200017,,
-0.44578713463197417,,
-0.2180549688757045,,
-0.5958021657055749,,
-0.832730599479979,,
-0.31243239999999994,,
-0.29954999999999266,,
-0.08785587573599955,,
-0.33147401003200916,,
-0.32584558564794613,,
-0.38451070491917144,,
-0.4916975846223073,,
-0.4032875136705408,,
-0.46558681857598233,,
-0.5124040254399791,,
-0.4312335999999478,,
-0.4815327166319818,,
-0.3396122681743865,,
-0.4424245306415786,,
-0.30922061872637796,,
-0.6042433540063643,,
-0.19042849613599713,,
-0.6051211460639913,,
-0.335257180127964,,
-0.6117045747119865,,
-0.30533880000001634,,
-0.20641119999999638,,
-0.29241991999998634,,
-0.22522228192799282,,
-0.31063670501597507,,
-0.2998371746079437,,
-0.3878472837119592,,
-0.6417283269839047,,
-0.4311087291966097,,
-0.2520431602559684,,
-0.3363260817839705,,
-0.4312335999999478,,
-0.3000395999999769,,
-0.2777447561696007,,
-0.30039680000001096,,
-0.5886496453119437,,
-0.9125580160399649,,
-0.34403374467836983,,
-0.15179720647680545,,
-0.2093249525241397,,
-0.4571248401279658,,
-0.4317869982069639,,
-0.39697310275997055,,
-0.36068459857835006,,
-0.3933283199999535,,
-0.2983754599999905,,
-0.4016983999999547,,
-0.7536984799679818,,
-0.5808286838479355,,
-0.4015935999999768,,
-0.20634679999998295,,
-0.10565093260803349,,
-0.348646387711947,,
-0.3055457999999765,,
-0.4015261677143317,,
-0.2815049951769838,,
-0.29266012000000985,,
-0.289833573119995,,
-0.4078099199999585,,
-0.05428716726397846,,
-0.2854054587526045,,
-0.373775620064015,,
-0.7736202309143695,,
-0.4284599999999571,,
-0.30596397407996523,,
-0.3585432101759929,,
-0.27867599135997034,,
-0.18099174772800858,,
-0.730848082799949,,
-0.15587961566636838,,
-0.15616496271597588,,
-0.6086641628879776,,
-1.0002560060387928,,
-0.4027631999999698,,
-0.47040641689600227,,
-0.4042030279999879,,
-0.4808370453599926,,
-0.49026372220961456,,
-0.40185467999995805,,
-0.19413843487085164,,
-0.48213226565997896,,
-0.19102819999998633,,
-0.15318331403515795,,
-0.5172720510719846,,
-0.3030416399999891,,
-0.5154839999999484,,
-0.31869680057600147,,
-0.278819991359972,,
-1.1038302144143584,,
-0.6141511970663666,,
-0.482030744471997,,
-0.7474563866639832,,
-0.6274912545279722,,
-0.7834576133999633,,
-0.7924500907199893,,
-1.2185694695119444,,
-0.3583768364319918,,
-0.8490813080383894,,
-0.5614087236155711,,
-0.45606795907199715,,
-0.6396000787199975,,
-0.7458284442495887,,
-0.5161344276479702,,
-2.4840174900822465,,
-1.8892323089199077,,
-0.5621264587519781,,
-0.6384946070159765,,
-0.6259500513599927,,
-0.7120080950400101,,
-0.31266599999999123,,
-0.3873337999999519,,
-0.29473200000000876,,
-0.3337737303599908,,
-0.5925771417215783,,
-0.2794655907839822,,
0.7767389067296792,,
-0.3068450989951898,,
-0.4561417998728063,,
-0.31640400000000224,,
-0.23645006425942036,,
-0.26855279637498686,,
-0.49527771946394694,,
-1.3050388574399356,,
-0.410836399999956,,
-0.3124200000000066,,
-0.21409692699595934,,
-0.3873705999999931,,
-0.2947536000000042,,
-0.3322559769599698,,
-0.30672837782399354,,
-0.2944535245519842,,
-0.08441047112796381,,
-0.08226133948718947,,
-0.262901116632,,
-0.16304849244001,,
-0.18907744146716804,,
-0.1663883520223915,,
-0.36289919078395977,,
-0.21895770275998802,,
-0.2956594483506135,,
-0.46117279041120507,,
-0.14424761669199265,,
-0.593781339707706,,
-0.19105059999999177,,
-0.28187199999998647,,
-2.24609416501118,,
-0.19857167999998782,,
-0.10990400861436292,,
-0.19118159999999595,,
-0.14805416692127693,,
-0.17547409465441757,,
-0.11769403860476968,,
-0.24857101295999584,,
-0.15286718713599148,,
-0.36507043849598586,,
-0.33475729647357466,,
-0.8013851056127732,,
-0.15037798761598545,,
-0.24203896697903787,,
-0.20130637349981842,,
-0.2418025992479984,,
-0.12206761136878586,,
-0.14064358531197643,,
-0.12439018075200696,,
-0.6503834344184569,,
-0.06265433932797745,,
-0.1920345284231743,,
-0.2982361200000264,,
-0.19118159999999595,,
-0.12355934401437992,,
-0.13424750406398495,,
-0.2742049799999833,,
-0.19030000000001018,,
-0.08076727424797814,,
-0.3643136383039834,,
-0.16754399351999047,,
-0.5105017258563029,,
-0.11160208092000382,,
0.6418298968712058,,
0.10513551714561542,,
-0.18857393275774167,,
-0.22923235875916886,,
-0.1841369744752008,,
-0.48365489793596084,,
-0.3407012938055698,,
-0.3289818292319987,,
-0.3242145560639945,,
-0.20060800000000445,,
-0.5944884770879827,,
0.3690104691208296,,
-0.3243828960000114,,
-0.12056779754878458,,
-0.27198018799999324,,
-0.095943492119993,,
-0.2877845493367964,,
-0.19335999999997922,,
-0.6411356098752177,,
-0.31106042553600044,,
-0.38728544000000964,,
-0.06284593865597851,,
-0.26780753880000485,,
-0.18836849371197165,,
-0.28779301944,,
-0.1738481254359996,,
-0.2476056109439817,,
-0.9930016930039613,,
-0.4067538267119799,,
-0.33659026763597016,,
-0.13293718627199214,,
1.1076863158817147,,
-0.21026240230399532,,
-0.23073836553438093,,
-0.7065154679277115,,
-0.3127474217454265,,
-0.11341618055999333,,
-0.4170562310559902,,
-0.28787401943998303,,
-0.12350505696800423,,
-0.2407521099023825,,
-0.209314633980004,,
-0.2954166231839872,,
-0.8041375885607858,,
-0.17808699361599473,,
-0.27010236729200565,,
-0.15404398848000417,,
-0.19395383819616002,,
-0.18033966038956584,,
-0.21156339009837655,,
-0.08449067112799143,,
-0.1003679738879869,,
-0.14745118727036752,,
-0.17119655548799087,,
-0.27639526000000736,,
-0.23409417118318884,,
-0.16654299227197605,,
-0.29445759999997667,,
-0.2035651086871725,,
-0.18388919567998657,,
-0.510391257023995,,
-0.08425007112801983,,
-0.8051872929224002,,
-0.5185894341503934,,
-0.12710558041599068,,
-0.20167919999997766,,
-0.49785872688639127,,
-0.08841637563518343,,
0.19855683749762232,,
-0.5289968764079955,,
-0.1296141834399868,,
-0.17052719251200188,,
-0.35694101010958446,,
0.0013694794400319343,,
-0.2669678559359871,,
-0.15581438871996692,,
-0.29581174184959785,,
-0.38001800781477213,,
-0.45296798554223855,,
-0.15323461585198428,,
-0.17845520543638,,
-0.3485586023999855,,
-0.08909322246000193,,
-0.12430911799197913,,
-0.48153605068797933,,
0.9068640364084096,,
-0.28746142030398425,,
-0.2953036843007934,,
-0.23096638387199014,,
-0.6352405776879831,,
-0.1529623058879922,,
-0.3330333295919987,,
-0.8837650054559928,,
-1.573333031452811,,
-0.20358483999999683,,
-0.17652359395199668,,
-0.18154128254266005,,
-0.26977859999995824,,
-0.30512027430000616,,
-0.14582998319999668,,
-0.1666299908800004,,
-0.2446659736910351,,
-0.16775588783200035,,
-0.05525312817358055,,
-0.5153266572607687,,
-0.5152128654000157,,
-0.12179425262641064,,
-0.20159645137630455,,
-0.14114350306560913,,
-0.16437327472797256,,
-0.061987746030377794,,
-0.16920839011198213,,
-0.21102516933046386,,
-0.30085502039999656,,
-0.49404164392959526,,
-0.14753498631997863,,
-0.3531689198111935,,
-0.30195669240000483,,
-0.3217612652543952,,
-0.27074532412398916,,
-0.29284961977598273,,
-0.3020191999999761,,
-0.38092213899999205,,
-0.19563967999998017,,
-0.30456270842400146,,
-0.23744475809999435,,
-0.30820679999995887,,
-0.21143500503998877,,
-0.14757298631996726,,
-1.0748355012263822,,
-0.2792496172799917,,
-0.4045675049199772,,
-0.20888903999999672,,
-0.16268053167199578,,
-0.25489897111678794,,
-0.2901696195839938,,
-0.35091561545598526,,
-0.1736879919359952,,
-0.1483999899199875,,
-0.2694977999999979,,
-0.2788766278727933,,
-0.3618601085688383,,
-0.22353500455997702,,
-0.18354911666880638,,
-0.3582915586879989,,
-0.30430933900796997,,
-0.12737411056239645,,
-0.14997058369033356,,
-0.128881956320005,,
-0.14354617942921324,,
-0.1608370089695778,,
-0.06884380755200299,,
-1.23011006358238,,
-0.15871438564799017,,
-0.14130898823999188,,
-0.20243223523326276,,
-0.11521997599999517,,
-0.08385772699199817,,
-0.16317520705677344,,
0.2748234325200123,,
-0.19590255482557675,,
-0.12396717889920354,,
0.048923884240008375,,
-0.439054604832793,,
-0.1452323567040497,,
-0.09412345283997575,,
-0.14596916417439038,,
-0.37532003839998457,,
-0.25044961036799485,,
-0.19445997177597718,,
-0.35661640703918995,,
-0.35157723599999546,,
-0.5408578165615587,,
-0.4111107488399843,,
-0.1870868941199764,,
-0.5221452598079739,,
-0.6963480960479855,,
-1.1850913012556596,,
-0.5822697492239972,,
-0.11163945190397798,,
-0.2550643334359729,,
-0.2864359757599878,,
-0.23332140849598526,,
-0.4048034279839623,,
-0.45420259489197046,,
-0.41784608784680927,,
-0.2079805457343982,,
-0.26668040000001586,,
-0.1857629954399973,,
-0.14701828283998952,,
-0.29557638000001496,,
-0.2206999232927809,,
-0.937341500183918,,
-0.12695358036796717,,
-0.22465638473594746,,
-0.2261584018719902,,
-0.08865896817598695,,
-0.2958372000000015,,
-0.3869309999999989,,
-0.08326857040798108,,
-0.2735067999999947,,
-0.21121239999998473,,
-0.23113300470400466,,
-0.37215965279995916,,
-0.29587950251997297,,
-0.16805899016000575,,
-0.22376300455998976,,
-0.2911202870000175,,
-0.2905579999999679,,
-0.1968280964720095,,
-0.16126220397118182,,
-0.13454533927997445,,
-0.46878760665149355,,
-0.21625108176158675,,
-0.29129994239996476,,
-0.3362373343440039,,
-0.40349677119598565,,
-0.19760279999997765,,
-0.34592833866236805,,
-0.3802350316799422,,
-0.49442889839994175,,
-0.4903197243360113,,
-0.18256352130157918,,
-0.2658711999999808,,
-0.3058175999999592,,
-0.209168697815989,,
-0.15146491599599626,,
-0.23114134649919987,,
-0.23544176356799912,,
-0.12577878051199617,,
-0.10623956112000363,,
-0.3128594028461037,,
-0.0912965745119724,,
-0.28511699999998275,,
-0.14230772016143836,,
-0.2544256087359936,,
-0.20385823999999675,,
-0.567374462975986,,
-0.5571614983495953,,
-0.15953916851197927,,
-0.11357368091998296,,
-0.2804209233695667,,
-0.40864717336796264,,
-0.5326051297420853,,
-0.3151614652287879,,
-0.3683807869463622,,
-1.0768525759999852,,
-0.32875169236000057,,
-0.38198820000000155,,
-0.14566638732798018,,
-0.41018184871998975,,
-0.23667259255998058,,
-0.127513714299997,,
-0.5729811130943854,,
-0.37576754259999473,,
-0.6132108504959908,,
-0.057959949599969474,,
-0.37843460000000284,,
-0.15115598982397146,,
-0.739273798917002,,
-0.40132010110396765,,
-0.6496266507640043,,
-0.23192338382399322,,
-0.2698758400000234,,
-0.5811815477887996,,
-0.301459536799183,,
-0.16872054994878283,,
-0.1954543319400325,,
-0.14415996159999894,,
-0.2268185845919617,,
-0.1442622822159868,,
-0.13624611787843807,,
-0.29649735599997873,,
-0.37894179999996647,,
-0.31583952991357067,,
-0.057749949600013645,,
-0.19403119894399673,,
-0.09265370590000538,,
-0.27050771999997814,,
-0.0910773670719986,,
-0.28859644799996964,,
-0.5046513674080118,,
-0.1837199711999806,,
-0.319083636772783,,
-0.05396429859918492,,
-0.17049687485759857,,
0.09179302677600623,,
-0.17105544310954746,,
-0.1914335976960006,,
0.26097755254943844,,
-0.45500175550402766,,
0.25843215360004546,,
-0.20759040000000512,,
-1.4647523059567646,,
0.24048332940803666,,
-0.2052688200000043,,
-0.816332696311957,,
-0.35553997516797814,,
-0.39395399999999686,,
-0.2881572680000247,,
0.774792325562917,,
-0.29401919999996134,,
-0.19707839999999346,,
-0.3472930177826202,,
-0.229993403120008,,
-0.20777199999998322,,
-0.0946681683199754,,
-0.2056506999999744,,
-0.11876716428798823,,
-0.39481959999997507,,
-0.2933551999999832,,
-0.07892525807036574,,
-0.031867916115206146,,
-0.5555423470464183,,
-0.38035153999999816,,
-0.2966499999999771,,
-0.29513802000001516,,
-0.19352498199997384,,
-0.3033856000000129,,
-0.23461678444799305,,
-0.18002997551997113,,
-0.5402766489535888,,
-0.5285727226079737,,
-0.3982247994239897,,
-0.20394560000000067,,
-0.27014960000000054,,
-0.15103406598400088,,
-0.8229522531400184,,
-0.2714988599999793,,
-0.6097482640799763,,
-0.6023194150079392,,
-0.11454180753276919,,
-0.31397300407996764,,
-1.6697639329679002,,
-0.6390617558077123,,
-0.47394562150395725,,
-0.4007375999999827,,
-0.3102879999999821,,
-0.39275036000000607,,
-0.20465355128399462,,
-0.6766399216617905,,
-0.46801171303197203,,
-0.6442986905279547,,
-0.16396237446399697,,
-0.15842675268861084,,
-0.12216253797437543,,
-0.09337495799998535,,
-0.10205651153600598,,
-0.4796582558399675,,
0.5578089666359869,,
-0.3090816023039964,,
-0.39468808377437653,,
-0.2698863919359954,,
-0.19120859870398504,,
-0.4297070103439621,,
-0.2968880000000025,,
-0.4967055248119614,,
-0.6066376452620388,,
-0.6394834520567707,,
-0.6440579795584079,,
-0.31045199999998396,,
-0.053517351887959974,,
-0.5510016399359802,,
-1.1377324570799914,,
-0.3624221970431478,,
-0.24218455023359503,,
-0.3990130199999834,,
-0.35716201872000986,,
-1.1711588573951999,,
-0.5182651245598588,,
-0.35721601382400797,,
-0.40122339999998313,,
-0.295698680000007,,
-0.2699535919360061,,
-0.2704687999999924,,
-0.16807949114398568,,
-0.36784799193600526,,
-0.3930934399999575,,
-0.2784999759999903,,
-0.20076521999997818,,
-0.16001757062398236,,
-0.38649919999997784,,
-0.3951882799999945,,
-0.4906949624728667,,
-0.1343486529335951,,
-0.2827500180000082,,
-0.5051498551199349,,
-0.39445626000000245,,
-0.19892565598080214,,
-0.6739906647084611,,
-0.8566593225343807,,
-0.6341007389152064,,
-0.9791893352160084,,
-0.16834997599997792,,
-0.6359422525119947,,
-0.41446079999994545,,
-0.3922450191999858,,
-0.42882303815998507,,
-0.5046888247679966,,
-0.3627639135599711,,
-0.6496837774560056,,
-0.32313600979200424,,
-0.8393432419327276,,
-1.3378557775439375,,
-0.5897561632516337,,
-0.6290500600000358,,
-0.7433879122399493,,
0.2625524485632311,,
-0.23189975089916182,,
-0.5472987603177573,,
-0.48611905413199535,,
-0.3708135338255698,,
-0.44020519239357603,,
-0.6632393443103883,,
-0.6062072259999722,,
-0.9283966427039211,,
-0.6092629487424267,,
-0.2796336725759924,,
-0.207312559999997,,
-0.38143699999996467,,
-0.2711071999999761,,
-0.3648775126000191,,
-0.47012692042396853,,
-0.37423341627200946,,
-0.657150783839971,,
-0.7180102911839226,,
-0.4113729019070259,,
-0.4679046604287968,,
-0.37930000000001074,,
-0.09678597263997327,,
-0.33032802736477423,,
-0.5055544836799857,,
-0.7188324975358977,,
-0.7515635402304053,,
-0.5405534279164913,,
-0.38455900000000465,,
-0.30772014162557737,,
-0.43010760910076773,,
-0.5733343388079954,,
-0.27924000000000204,,
-0.2775473960735859,,
-0.18236833591194468,,
-0.41232366000001486,,
-0.21785398723196364,,
-0.32744000359996167,,
-0.3621763944799551,,
-0.3374000080639966,,
-0.207312559999997,,
-0.3778293199999857,,
-0.3607316193919905,,
-0.30182511391435723,,
-0.18357691176959406,,
-0.2634799904000046,,
-0.21264160000000512,,
-0.1322400092604072,,
-0.24715206162397152,,
-0.1431763580479793,,
-0.3953091150847993,,
-0.17834697143997935,,
-0.10464731209438269,,
-0.3571569354079643,,
-0.40109796459997915,,
-0.3127371365519719,,
0.01965497763834434,,
-0.3786082625279306,,
-0.46083923587519215,,
-0.20116198128000393,,
-0.3576596052791725,,
-0.16591236539197388,,
-0.3439700343199877,,
-0.2895710997423431,,
-0.12769958017600241,,
-0.22229246147996584,,
-0.23841393535513888,,
-0.37827135999995765,,
-0.21178079999998461,,
-0.2786041599999656,,
-0.29712599999996747,,
-0.1853578714240084,,
-0.22303998079997728,,
-0.3539885871839904,,
-0.5271442055527262,,
-0.5303439333999841,,
-0.5400295170399596,,
-0.6448647429223875,,
-0.27838500000001093,,
-0.4077794400000147,,
-0.2790319999999904,,
-0.49818674993980666,,
-0.7594764580759551,,
-0.4035761327975822,,
-0.3510244984399865,,
-0.32806873370875317,,
-0.44021717577596015,,
-0.7339748344559128,,
-0.34087693639997235,,
-1.6161462551863743,,
-0.6093520017575702,,
-0.9409745499791657,,
-0.03217399902227444,,
-0.30189798012798275,,
-0.32550718425596115,,
-0.22598995535992716,,
-0.28253999999998847,,
-0.2722305599999981,,
-0.2886392183359857,,
-0.31417700407998506,,
-0.31053399999996667,,
-0.46110901281597044,,
-0.5255064119519521,,
-0.2569749867999833,,
-0.27546501295677334,,
-0.40105439999996295,,
-0.0753110212583768,,
-0.16293718508560237,,
-0.20105798127999813,,
-0.401277804771176,,
-0.32025353660960576,,
-0.7028935325119312,,
-0.28439519539200364,,
-0.28221359999996654,,
-0.5338565015263818,,
-0.9235930062399622,,
-0.2720195999999985,,
-0.23705415287677303,,
-0.678002585627985,,
-0.32074971251986556,,
-0.4327700845899045,,
-0.3019895999999603,,
-0.6753198959199107,,
-0.4568805628799606,,
-0.17851899471999091,,
-0.30687499880001046,,
-0.27350985110393045,,
-0.1910518004975793,,
-0.7865231462400353,,
-0.8076549042911743,,
-0.388888219151995,,
-1.2447582922392164,,
-0.46836354428000376,,
-0.4805614714320298,,
-0.32181601267201093,,
-0.5912664455039432,,
-0.13157998183679767,,
-0.3155841115439901,,
-0.41518079999998003,,
-0.27192508000001336,,
-0.10597383793757953,,
-0.2359414856591805,,
-0.4206038200000006,,
-0.5097666493919856,,
-0.29736399999999286,,
-0.37899999999996287,,
-0.3556956074880081,,
-0.329995734878372,,
-0.10937175086158132,,
-0.174963197432806,,
-0.7539316847104098,,
-0.26279099351996815,,
-0.5943236929919451,,
-0.36614152803279837,,
-0.5242355152799338,,
-0.37477442534397176,,
-0.3802199948159597,,
-0.9219769022399508,,
-0.24291737183521322,,
-0.47362963031998184,,
-0.20501588831279216,,
-0.2593720513087892,,
-0.3824490203999807,,
-0.30372899999999525,,
-0.3788999999999839,,
-0.3213039037979124,,
-0.28163927999999044,,
-0.389534615599997,,
-0.599855482456765,,
-0.39558807999998147,,
-0.28038507999996887,,
-0.3046896606423932,,
-0.21071007768001349,,
-0.2545574861999876,,
-0.2585176696399611,,
-0.21244897960001452,,
-0.2897639999999708,,
-0.2593940116895651,,
-0.054469747727985254,,
1.098399952644039,,
-0.25157186090401673,,
-0.4047462146559966,,
-0.18530866337197746,,
-0.2724285820800017,,
-0.2676450000000126,,
-0.16285630817277483,,
-0.41496319999996545,,
-0.37293935279995216,,
-0.39647228291189085,,
-0.11383043195996038,,
-0.208628980559989,,
-0.16674872510718153,,
-0.25656478112157427,,
-0.1169608492919485,,
-0.40447963583996316,,
-0.11467151080066361,,
-0.11030216212798272,,
0.08537809235201593,,
0.07032129763202999,,
-0.30351718799998284,,
-0.3116550000000007,,
-0.3773836799999666,,
-0.2970919999999897,,
-0.5403933427200006,,
-0.36023829079035663,,
-0.20425607999999004,,
-0.31556437828240075,,
-0.49687537107995505,,
-0.46259251928481043,,
-0.6535478895359204,,
-0.8383932030791987,,
-0.2956950599999739,,
-0.3862103999999631,,
-0.29659392000000045,,
-0.487114664191957,,
-0.13079560395788206,,
-0.40310563472001376,,
-0.3990252289440115,,
-0.1347439614191949,,
-0.5929600296959261,,
-0.18682684964798352,,
-0.2356019870399917,,
-0.11901272825359904,,
-0.3079730471547174,,
-0.6074236729759708,,
-0.41822819999995886,,
-0.22922944418878963,,
-0.34598789032799204,,
-0.2675780230975734,,
-0.6716389549840275,,
0.17561402477044175,,
-0.2929400800000056,,
-0.21204231999999051,,
-0.1284839800799905,,
-0.3354269877599773,,
-0.15624268768798685,,
-0.9555475391535679,,
-0.35334997588800277,,
-0.3219580097440089,,
-0.5502112591359957,,
-0.7095145957151969,,
-0.8167740364799985,,
-0.4192745497999895,,
-0.2697710037719713,,
-0.5516323880407729,,
-0.7992430136063832,,
-0.13915646589596026,,
-0.43885497815998664,,
-0.16839589531862875,,
-0.2501706864399983,,
-0.19916861576553035,,
-0.2462109877600005,,
-0.20036215583998895,,
-0.24190396236799624,,
-0.1864213296167678,,
-0.10148161930560427,,
-0.1809047675519749,,
-0.16352487139201605,,
-0.2842739755200151,,
-0.6728051487759777,,
-0.4541618962240252,,
-0.38070815999995367,,
-0.2971135999999937,,
-0.5348033481599783,,
-0.42964954323194615,,
-0.5180648538559784,,
-0.39620339999998766,,
-0.337583352563136,,
-0.6434954199999586,,
-0.5007826854709101,,
-0.49734089793838,,
-0.47993571542398933,,
-0.6729031776951706,,
-0.4578489075327058,,
-0.27869997600003704,,
-0.7539371055359223,,
-0.6463643614719575,,
-0.3781821093999716,,
-0.4434752107519875,,
-0.2855153200000105,,
-0.41848185970081386,,
-1.1609688175359445,,
-0.27098513999997004,,
-0.3438720129599854,,
-0.34104958617596093,,
-0.26723999999999054,,
-0.3814867799999866,,
-0.2721505627142282,,
-0.3307714279631824,,
-0.35078400863998765,,
-0.28957185511199235,,
-0.3212279538479964,,
-0.42002151400319465,,
-0.12026224002234473,,
-0.31381351029601556,,
-0.29739799999997063,,
-0.27775679078397986,,
-0.39620339999998766,,
-0.7635303866879233,,
-0.38573856769839004,,
-0.30135562093437784,,
-0.23587198704000678,,
-0.17002549004000025,,
-0.23186174402560733,,
-0.24164238214398262,,
-0.27344495539204194,,
-0.19252214445915533,,
-0.48563627724794967,,
-0.39861359942396535,,
-0.36468511873274123,,
-0.13166151883680313,,
-0.6567121528799624,,
-0.30998500600000334,,
-0.5231903341591787,,
0.04364049165599371,,
-0.32781715217515095,,
-1.3278042630400089,,
-0.431325934775983,,
-0.2850199999999987,,
-0.29751699999999437,,
-0.5257142179199557,,
-0.8463527610984076,,
-0.6548874170399821,,
-0.5000739621695801,,
-1.0481625794079186,,
-0.4983347679232029,,
-0.4729057265203064,,
-0.6414014959199835,,
-0.284579975519996,,
-0.6185178473280242,,
-0.3602751907839904,,
-0.26682417082555393,,
-0.16148623638766973,,
-0.28099341553917145,,
-0.10102854916796897,,
-0.284375975519971,,
-0.3539401419135101,,
-0.3845775023440183,,
-0.5090537985920417,,
-0.6777848002559238,,
-0.2793803599999984,,
-0.5435778947759851,,
-0.537624187263966,,
-0.34588807296001955,,
-0.6769180790799543,,
-0.3221328126719735,,
-0.5470548105599773,,
-0.3148425539863801,,
-0.6347974226799359,,
-0.6168404872079819,,
-0.21296439999997946,,
-0.6126149486927863,,
-0.27606279711793574,,
-1.4791682903039938,,
0.535954355484819,,
-0.8112777177600079,,
-0.17180096606394463,,
-0.2890270787615838,,
-0.5102402488159842,,
-0.08591072209601397,,
-0.7601506775999816,,
-0.38857589999999115,,
-0.5310360518400107,,
-0.5337552633600079,,
-0.8204072282518805,,
-0.9899503067663691,,
-0.43742701224001135,,
-0.4545199823119907,,
-0.7802545825279844,,
-0.6673772396159298,,
-0.32443797988796164,,
-0.3481432702079548,,
-0.3570251999999495,,
-0.2154863758080149,,
-1.5655735641168027,,
-0.16625249099998796,,
-0.3091238204351747,,
-0.279719880000004,,
-0.09192929174397046,,
-0.09875245010396475,,
-0.31573157302400146,,
-0.2348286825023736,,
-0.054301015835982375,,
-0.19809018050238086,,
-0.33764761022397427,,
-0.46331670239997025,,
-0.5490800888320544,,
-0.429619206911956,,
-0.29149967999997145,,
-0.6606390679543723,,
-0.3159711999999869,,
-0.3236964895512111,,
-0.4898737070735734,,
-0.3016040599999875,,
-0.18415579303998098,,
-0.29377279999997374,,
-0.38280555310401576,,
-1.3012104806399842,,
-0.5405316269759767,,
-0.4172987862544026,,
-0.2624496157679995,,
-0.4766543871888117,,
-0.6296165814959462,,
-0.3222120467743931,,
-0.28587156000000197,,
-0.37082882505599307,,
-0.5744844440639869,,
-0.501046825919955,,
-0.9271883486719747,,
-0.8185407826559854,,
-0.37910651697404896,,
-0.4996674262719499,,
-0.9782160493139072,,
-0.515562044815984,,
-0.7724826818399402,,
-0.24879001079998764,,
-0.6246862227759599,,
-0.19590162145440038,,
-0.5056629045759434,,
-0.4562586712319567,,
-0.3859776233999692,,
-0.23529748351198043,,
-0.40410369999996276,,
-0.507446799999949,,
-0.7332481550399932,,
-0.6718338362176146,,
-0.23958201046397437,,
-0.28269092160317877,,
-0.27754066084159235,,
-0.34569151475999377,,
-0.2832983999999794,,
-0.2684939999999761,,
-0.43212052979676663,,
-0.21002400000000165,,
-0.42239766547195373,,
-0.37992911385597594,,
-0.24032984748422292,,
-0.7997458063359881,,
-0.2083014626083105,,
-0.23824491097599365,,
-0.3032825599999942,,
-0.2803859999999881,,
-0.6932382110079668,,
-0.31797877283200143,,
-0.28309399999996576,,
-0.39117806000000827,,
-0.6779806540799822,,
-0.35710680575997195,,
-0.27266400000000274,,
0.04075204110326458,,
-0.33236393932798247,,
-0.30392879999995687,,
-0.19778237158399042,,
-0.47420745895039657,,
-0.20693650261599067,,
0.32798778902918124,,
-0.48326421035992967,,
-0.3595343910840104,,
-0.6898352508159145,,
-0.46245847356800146,,
-0.8223430222391439,,
-0.41574376823994863,,
-0.6333581598791581,,
-0.6396000320415525,,
-0.7013226216319663,,
-0.4644183801599531,,
-0.3130175999999865,,
-0.2991413999999585,,
-0.3105647999999559,,
-0.2575301680140695,,
-0.8287011592495805,,
-0.169418814916789,,
-0.6519941706023887,,
-0.3701446424031929,,
-0.3088051469567989,,
-0.9407845670399654,,
-0.8417106448640412,,
-0.477145228799975,,
-0.17008346443917133,,
-0.04774172536320295,,
-0.10300055915200801,,
-0.24997921094397652,,
-0.4486783790170923,,
-0.36570551420317127,,
-0.43975662057596887,,
-0.21299727793997636,,
-0.864134208263978,,
-0.20834477407999882,,
-0.7790141412959395,,
-0.3198936196191787,,
-0.04864736496958581,,
-0.2059159999999917,,
-0.25547426407996243,,
-0.9536769285599009,,
-0.5038154241103043,,
-0.5737275939559627,,
-0.20597999999999983,,
-0.39705600000000935,,
-0.4094934363519238,,
-0.6017675624959232,,
-0.2851979999999759,,
-0.87216554919355,,
-0.17443565203676092,,
-0.14019719416956028,,
-0.6354898870240148,,
-0.17439878413679893,,
-0.3704082591839674,,
-0.5394181124327959,,
-0.7050003212160195,,
-0.2760591904000071,,
-0.6440282376079521,,
-0.3469032362879786,,
-0.1531822291327891,,
-0.3918670266399732,,
-0.38234241689600057,,
-0.43684404297641066,,
-0.47150529950718334,,
-0.3442031873279676,,
-0.7639531082399722,,
-0.5752416422400237,,
-0.30981119846400496,,
-0.4666278561119748,,
-0.5528061646799582,,
-0.14402318874397932,,
-0.1898986705520173,,
-0.4312151674879768,,
-0.8276177966243458,,
-0.12637554971517953,,
-0.10859440865513395,,
-0.6461026900296096,,
-0.22862710852000878,,
-0.34222803168000815,,
-0.296884020159996,,
-0.42007193669599757,,
-1.0550835142559976,,
-0.41227801290396476,,
-1.0832540685410057,,
-1.010278476475944,,
-0.5812404661439665,,
-0.28105002111997834,,
-1.3216839924429276,,
-0.9512177447039649,,
-0.3579744376319839,,
-0.3323411917223627,,
-0.6921469039800181,,
1.8627998565624415,,
-0.15130738896556786,,
-1.1731230023039343,,
-0.18088994758801266,,
-0.2817368000000021,,
-0.20121919999998178,,
-0.0878021991319875,,
-0.27525780000000555,,
-0.17904779659198886,,
-0.2504351628799927,,
-0.23625928351196102,,
-0.6182999285119778,,
-0.6537763153039771,,
-0.29893820580799224,,
-0.4305279647615747,,
-0.9584263170942957,,
0.7808859741999961,,
-0.23108498036799793,,
-0.30227086511997064,,
-0.12070747218885114,,
-0.3323411917223627,,
-0.9600557827559733,,
-0.11517198115582668,,
-0.42587330328001083,,
-0.13816896644795323,,
-0.02403679365353173,,
0.06993097029603201,,
-0.2591557555744105,,
-0.25339598483199544,,
-0.23292058996797005,,
-1.4659275217439596,,
-0.27509747999997824,,
-0.2310052432089767,,
-0.18725342399998376,,
-0.5251412261759967,,
-0.41787702684641037,,
-2.296868146070324,,
-0.24023235279995697,,
-0.5018971855359688,,
-0.35430047183993346,,
-0.3788989003359673,,
-0.4807812202223519,,
-0.5246679127679904,,
-0.3503384684799836,,
-0.3749464140160077,,
-0.3157236034559735,,
-0.2593445355695787,,
-0.19199298046399058,,
-0.23485833946398507,,
-0.08208920630720307,,
-0.6589294242399784,,
-0.4313519976672272,,
-0.9255540278942086,,
-0.34914004344000005,,
-0.5745935121127741,,
-0.21806073695998157,,
-3.0274057428383943,,
-0.5917729107040071,,
-0.23172748379998698,,
-0.6564516225919621,,
-0.41391717347200735,,
-0.2829674411557539,,
-0.48068162282550203,,
-0.2644683168959582,,
-0.1867130145711986,,
-0.3604893645120063,,
-0.19984004636641553,,
-0.5434085659199539,,
-0.7009107852607365,,
-0.8958261759999611,,
-0.48255043798063746,,
-0.4313523870391795,,
-1.0045845712063748,,
-0.3218754110879908,,
-0.28287503999994706,,
-0.33294283018801146,,
-0.0741653050743803,,
-0.2991599999999638,,
-0.29541779184797573,,
-0.21608029554958455,,
-0.5104352538559809,,
-0.4363528372595699,,
-0.17833499351999665,,
-0.4991166514079779,,
-0.14337213587196096,,
-0.30777973326405395,,
-1.0509746083199993,,
-0.23927639155198552,,
-0.6476805714015985,,
-0.9816001147567854,,
-0.46329222067197096,,
-0.5822999913599415,,
-1.394427748896023,,
-0.29960319999996377,,
-0.3306590249688105,,
-0.3240411412969048,,
-0.32369700897596715,,
-0.23233500647999072,,
-0.09479359009120958,,
-0.18850006841681924,,
-0.6457564597903833,,
-0.2835986399999786,,
-0.3053424073919839,,
-0.6476805714015985,,
-0.8848646923703677,,
-0.990251634183946,,
-1.30666734667468,,
-0.7274263276799735,,
-0.7497883087439381,,
-0.5058456524160053,,
-0.43493843244795044,,
-1.008223553584008,,
-0.04536196469119111,,
-0.934931995603178,,
-1.0511581953599993,,
-0.2419641501759519,,
1.7393159728113912,,
-0.19942150462080763,,
-0.8297771322399914,,
-0.36486782164800335,,
-0.38787583999999925,,
-0.20371847999999365,,
-0.44474118440313437,,
-0.797535968216008,,
-0.2985306373919569,,
-0.21836987272343086,,
-1.574324325580759,,
-0.14298935237273902,,
-0.2659929776543839,,
-1.039170192480053,,
-0.3063747918703872,,
-0.03810177771115322,,
-0.43923579632795706,,
-0.05692053773278524,,
-0.15517367738285112,,
-0.2644271902480022,,
-0.28961910980800887,,
-0.3017616773696074,,
-0.705172490419159,,
-0.6134748781439858,,
-1.0631665967999218,,
-0.7457145430055865,,
-0.3892069999999531,,
-0.6101924386623668,,
-0.9391932209743639,,
-0.31273263999998563,,
-0.852536380427128,,
-0.2050882623167517,,
-0.4156229872883359,,
-0.44374583489596775,,
-0.3474075587839804,,
-1.039170192480053,,
0.3116436836783884,,
-0.35236687119997007,,
-0.5312494513143247,,
-1.2880020374143637,,
-0.03287042608317825,,
-0.06874005506476524,,
-0.18170619265599164,,
-0.36743054132394837,,
-0.1530203063759793,,
-0.2963548544135642,,
-0.3496620837189415,,
-0.2026023962559806,,
-0.6183839999999876,,
-0.3775783199999537,,
-0.3124776199999624,,
-0.0920678735791958,,
-0.9314173583231897,,
-0.4158372315360089,,
-0.4085416044959753,,
-0.08585188146078324,,
-0.43022183542422326,,
-0.6183839999999876,,
-0.21463553193597595,,
-0.6428073781583074,,
-0.5345270976079933,,
-0.38339027999995384,,
-0.3405545138879711,,
-0.03788455086077869,,
-0.10302042239997611,,
-0.4183479056686131,,
-0.6004019956799584,,
-0.4068630707631916,,
-0.6227972784319817,,
-0.6531183372167075,,
-3.1129457300087595,,
-0.3813606412320113,,
-0.6435386427904135,,
-0.237221614792444,,
-1.075215795359905,,
-0.2292777338879769,,
-0.854812564479988,,
-0.6531183372167075,,
-0.2681444000000035,,
-0.11324877926400137,,
-0.3643262959279485,,
-0.5852829507839777,,
-3.0818427876936076,,
-0.21831330114323294,,
-0.6124019985600021,,
-0.10630115439999152,,
-0.6544271915999073,,
-0.46163219589766,,
-0.35412187388796124,,
-0.3695344407223858,,
-0.14575678703998704,,
-1.7443096386687629,,
-1.0512193910399268,,
-0.34175642227995157,,
-0.06972106543357405,,
-0.3929583358079799,,
-0.20262482116800884,,
-0.3317432822633933,,
-0.22678380647999644,,
-0.31009387723203513,,
-0.6184079999999633,,
-0.2010189999999758,,
-0.3238697055439674,,
-0.3432729618017636,,
-0.576925046207962,,
-0.6184079999999633,,
-0.29887660580800446,,
-0.20153223999997572,,
-0.7643923104479861,,
-0.16900397465599573,,
-0.18753019786690994,,
-0.15428720786153327,,
-2.118014463039965,,
-0.36107378168401155,,
-0.4003844275199712,,
-0.23462119049597213,,
-0.1580617171560104,,
-1.2670034428798393,,
-0.19325473630012585,,
-1.3026002774400063,,
-0.36501244964794205,,
-0.946793047703978,,
-1.7461044963431558,,
-0.7558893979560071,,
-0.18148709945215658,,
-0.46542349110400505,,
-0.3433255990375653,,
-0.5339114814079686,,
-1.5675524491872042,,
0.7210880061664052,,
0.42951998163203625,,
-0.12260976944154267,,
-0.15340537122216913,,
-0.37429763394807514,,
-1.3142211062399527,,
-0.9495940425047693,,
-0.07912544755997952,,
-0.5737590681599656,,
-0.42509809849595326,,
-0.5444254909439363,,
-1.0153136651839911,,
-0.36338854139998955,,
-0.4557640105599938,,
-0.25883645571590924,,
-0.11727865132801085,,
-0.9919207037303466,,
-0.6818998244967809,,
-0.22844598367999736,,
-0.2845439927039969,,
-0.5351465666559188,,
-0.22546084787194476,,
-0.13969440515014497,,
-0.19688291999998359,,
-0.3095499999999554,,
-0.2688938999999658,,
-0.61437699523201,,
-0.7877866147199473,,
0.22603716824801376,,
-0.20084998128000492,,
-0.12512068048799435,,
-0.9215075974910725,,
-0.7757098527999913,,
-0.6444801562319913,,
-0.6239189553119161,,
-0.4325480326400289,,
-1.2364882289279069,,
-0.3302900119420602,,
-0.35203092748799275,,
-0.8784830250560418,,
-0.13264586205597395,,
-0.24015119323198394,,
-0.5147550491999625,,
-0.6751099094399994,,
-0.4872079857599128,,
-0.8875079831471957,,
-0.7394897133120022,,
-0.12312531728198645,,
-0.14579596063999445,,
-0.38701875462400054,,
-0.07219162199995344,,
-0.5324877029999971,,
-0.32486158178717534,,
-0.6659906366254698,,
-0.3308240124799869,,
-0.43256972352771306,,
-0.21701818478395235,,
-0.20706239999999637,,
-0.18840768771999594,,
-0.18682550611195087,,
-0.843987030640017,,
-0.2579389905487921,,
-0.39227975999996245,,
-0.6413865350400068,,
-0.2007979812799836,,
-0.4562127744720124,,
-0.3804998928719864,,
-0.24549698775998471,,
-0.44474776567998103,,
-0.6976476233599747,,
-0.16232718823999026,,
-0.4932123195731975,,
-0.8495596958640428,,
-0.45940231324797753,,
-0.9063518003239298,,
-0.7304904634400051,,
-1.0017547820159063,,
-0.1712097029159775,,
-0.7729364345599832,,
-0.2893159999999774,,
-0.45331723830398235,,
-0.4400342500607659,,
-0.3882327583392008,,
-0.15578534415750944,,
-0.8943607748927731,,
-0.41150864937594595,,
-0.2455309877599625,,
-0.41632797503997865,,
-0.2658262089600242,,
-0.2850255927039834,,
-0.46002828062395823,,
-0.3377480638367415,,
-0.31790814028798564,,
-0.5269691951999931,,
-0.9139351745175508,,
-0.36988620239997666,,
-0.35946487219996787,,
-0.5555080628527851,,
0.064769065040005,,
-0.4781458290879378,,
-0.26214299352000864,,
-0.32150080153600513,,
-0.33007200815997423,,
-0.29298233102319937,,
-0.39943199999995066,,
-0.4172691160551456,,
-0.6847551562463519,,
0.22864353747022248,,
-0.8087196201840334,,
-0.2623244261783786,,
-0.5460923726719615,,
-0.36680088999996724,,
-0.4028256680593577,,
0.5846191814720243,,
-0.2925175399999805,,
-0.5862952099199654,,
-0.9368216542399996,,
-1.2319037633279817,,
-0.8320677934799273,,
-1.0343874491279497,,
-0.6092051365279703,,
-0.21531840422398374,,
-0.061527539039961415,,
-0.44405283628800407,,
-0.5555382491847685,,
-1.045116463611977,,
-0.48226599866917924,,
-0.7044017109080162,,
-0.5594940647999596,,
-0.45739628396002124,,
-0.8219533887488071,,
-0.6923371474079771,,
-0.5071423957599352,,
-0.8269201171199518,,
-0.5003100489599961,,
-0.6668936615239471,,
-0.40125833999996674,,
-1.0854096544799847,,
-0.32126351582398244,,
-0.7436919428208326,,
-0.5092471443199696,,
-0.15257618588798103,,
-0.2848019254499755,,
-0.6096088542399744,,
-0.280788030753524,,
-0.34326341817597594,,
-0.39876723263999536,,
-0.2239013851680042,,
-0.23505323670399492,,
-0.2741327900159926,,
-0.6783266526959573,,
-0.3605974921439442,,
-0.4859693290143933,,
-0.4190169719999728,,
-0.4787577477119796,,
-0.38272691777279233,,
-0.3995873970399537,,
-0.3765542820479605,,
-0.4700175694399159,,
-0.4069079999999967,,
-0.49656884866398165,,
-0.48318823818715295,,
-0.17966976385917816,,
-0.3618979670879232,,
-0.10798952282397739,,
-0.743584408879973,,
-0.6859967878847903,,
-0.3207519497159825,,
-0.3593216139391604,,
-0.22820598031999018,,
-0.17248188470302023,,
-0.3003840000000033,,
-0.3430975544947203,,
-0.32737360673597193,,
-0.5271895823639514,,
-0.26234399183995466,,
-0.4027427743079258,,
-0.23675586479998784,,
-0.2680220428031115,,
-0.3605974921439442,,
-0.27697380000000027,,
-0.3391426104639965,,
-0.356042366748385,,
-0.2344912065279896,,
-0.53792980494869,,
-0.8391008084159486,,
-0.25079598444796997,,
-0.48433709185835006,,
-0.21920988168796823,,
-0.3742232912880409,,
-0.10932695512002041,,
-0.615650555839959,,
-0.5262630838400171,,
-0.43135653144478914,,
-0.3026399999999638,,
-0.27187919999996424,,
-0.23653484920004259,,
-0.10778592350154342,,
-0.19639692000000125,,
-0.3387962572631619,,
-0.36789641644793974,,
-0.3674530218879539,,
-0.34951993540800064,,
-0.29791925862398394,,
-0.526178929663975,,
-0.3335925164000009,,
-0.18850895578616964,,
-0.37010704640002096,,
-0.5044398850079403,,
-0.3391850927871801,,
-0.42696899788799403,,
-0.7370010840959715,,
-0.062399942399969766,,
-0.6873642964080098,,
-0.6972487940880103,,
-0.7976986949759849,,
-0.5331508315199719,,
-0.4920827328000206,,
-0.2769253000000105,,
-0.16627781919997814,,
-0.45626344420798703,,
0.24730064906403043,,
-0.5075354635040148,,
-0.33934380238942013,,
-0.27731799999999274,,
-0.31508159999997576,,
-0.3997200000000009,,
-0.41003820000001007,,
-0.8024361713759685,,
-0.7249125007360293,,
-0.34081588448320677,,
-0.5518027302144148,,
-0.6090512148800031,,
-0.46651577457594806,,
-0.33988822841680255,,
-0.7684919071532766,,
-0.28276660702973333,,
-0.5358941451519841,,
-0.6798004625280304,,
-0.5157810455039681,,
-0.695098698719937,,
-0.7854640963199399,,
-0.4920827328000206,,
-0.29779200316795995,,
-0.7949843005439614,,
-0.7866281627903596,,
-0.26033521428477624,,
-0.21853918415997983,,
-1.1007832780799522,,
-0.6727412989743522,,
-0.3970525424223712,,
-0.48497096255997113,,
-0.7459527304320134,,
-0.6091906247199687,,
-0.4982057461039895,,
-0.8757055823999501,,
-1.0585297232639141,,
-1.110279516910844,,
-0.35382745438640106,,
-0.3859560172799981,,
-0.7623527976000011,,
-0.30303263420561827,,
-1.0176534019440258,,
-0.4703781399679686,,
-0.5167881281279404,,
-0.6940983017159073,,
-0.35907601324799593,,
-0.44803681022394304,,
-0.6693304435199249,,
-0.2965899158935975,,
-0.2014703686464071,,
-0.49517810378397914,,
-0.26695199193602137,,
-0.7734940739199908,,
-0.4754978048880051,,
-0.3696821694719778,,
-0.4169880015839509,,
-0.14871028259838306,,
-0.7972973960831089,,
-0.29919917999999984,,
-0.4838629926239173,,
-1.2664598214151657,,
-0.4344485380415751,,
-0.8942453697599304,,
-0.7087578170399815,,
-0.40496802150398703,,
-0.589735245503948,,
-0.6991646811143826,,
-0.4263280963200079,,
-0.31143597868797657,,
-0.8959711071358785,,
-0.7717666965119236,,
-0.3045923999999671,,
-0.2594015865599946,,
-0.5427754314943947,,
-0.23335042931680597,,
-0.2935865199999895,,
-0.43349302951998003,,
-0.5281541236320175,,
-0.30922100263998265,,
-0.7573253519039134,,
-0.10041129057958915,,
-0.3848009652000136,,
-1.1821073903520285,,
-0.5278056542399681,,
-0.5025577413999679,,
-0.6180776510719957,,
-0.2208072233740887,,
-0.4025794800000057,,
-0.4437072501119076,,
-0.28062599672960997,,
-0.245730761695996,,
-0.499061853617579,,
-0.572946593119979,,
-0.7113147774479472,,
-0.24565426382375322,,
-0.6779681136000468,,
-0.5837428981775707,,
-0.3400523035977743,,
-0.47657593828002304,,
-0.43876317167998063,,
-0.5232717555200008,,
-0.8434248401280071,,
-0.43770529963760607,,
-0.3682623694399533,,
-0.1947482783999666,,
-0.422338289023942,,
-0.4714324529759245,,
-0.3187091916500406,,
-0.6281684044799581,,
-0.37028385888003257,,
0.416607929692854,,
-0.18147223705917326,,
-0.20224098128000767,,
-0.4442519782511608,,
-0.7953460860799308,,
-0.350053513079993,,
-0.37759919208003634,,
-0.11003198039566701,,
-0.9586992648960528,,
-0.3026399999999638,,
-0.280191396015984,,
-0.11734415508478563,,
-0.8493769507199633,,
-0.5278713816434393,,
-1.0197118555967557,,
-0.33286851685758345,,
-0.6403032184000441,,
-0.39337199999998274,,
-0.3452320336943888,,
-0.6517076446463734,,
-0.3196889850208014,,
-0.2478254613359518,,
-0.18524006416793962,,
-0.3682623694399533,,
-0.31533279999997677,,
-0.23308318387200702,,
-0.546323871271982,,
-0.47644332891994046,,
-0.49244995872000635,,
-0.2852639740799853,,
-0.4884257466239307,,
-0.15274596478718178,,
-0.2216214807146413,,
-0.47695166479998774,,
-0.48830206540798404,,
-0.18244380943655322,,
-0.0879494911232262,,
-0.5860192590703155,,
-0.3731197855999796,,
-0.3026399999999638,,
-0.2878867199999918,,
-0.5103461018879522,,
-0.3424673852620658,,
-0.14993929822798163,,
-0.2961739999999867,,
-0.6114223410559758,,
-0.5204633119935358,,
-0.28965600000000313,,
-0.5222144056319549,,
-0.42908635914552373,,
-0.4688554251519871,,
-0.07429337898402688,,
-0.4926553103847462,,
-0.3282911320319576,,
-0.45446444294397714,,
-0.2905732348519608,,
-0.3543642783999435,,
-0.45219632687999767,,
-0.3825807364079504,,
-0.40692365971203776,,
-0.5902843982399821,,
-0.579553071759987,,
-0.3095846225103741,,
-0.35524138708798614,,
-0.0902860678127389,,
-0.3757631942399518,,
-0.2202676471247887,,
-0.5277260922960023,,
-0.389850321599914,,
-0.22684760317964753,,
-0.4772389850799743,,
-0.6298525435679938,,
-0.08357336601597842,,
-0.0668175756047937,,
-0.7027126397440142,,
-0.3208791526944079,,
-0.49235815224000035,,
-0.4159155009599484,,
-0.37721601868799376,,
-0.3972099851173992,,
-0.5070165868799854,,
-0.7161772266959185,,
-0.28100195583996646,,
-0.4605891796799883,,
-0.6594166081719899,,
-0.4974442312319588,,
-0.679351630848018,,
-0.27614210039999276,,
-0.175631719259913,,
-0.2639098458336256,,
-0.05864426594399879,,
-0.7025276666879392,,
-0.3205161430719584,,
-0.5019150727039496,,
-0.008770872759951143,,
-0.3795122663999933,,
-0.3506604709566801,,
-0.659517105077565,,
-0.4757221380160025,,
-0.5607663600800289,,
-0.5271086050399585,,
-0.6557566728239748,,
-0.5166425103359478,,
-0.6048556228800397,,
-0.1894064251631281,,
-0.42421920460796314,,
-0.4926263236439795,,
-0.28590081279993046,,
-0.18978424273438277,,
-0.3887007753599979,,
-0.9358903629999467,,
-0.3279080067199811,,
-0.4212482399999693,,
-0.3192540093599632,,
-0.35222406112000715,,
-0.505040679999935,,
-0.5384478269279638,,
-0.44268578060795494,,
-0.7491740032492846,,
-0.6240489326399307,,
-0.38220161132001934,,
-0.8132011361919529,,
-0.27595725900001106,,
-1.3882924271199557,,
-0.595447444353595,,
-0.4097595545567976,,
-0.6961273189315595,,
-0.4936400456960226,,
-1.1417839607999856,,
-0.8597316237959673,,
-0.6272590243199372,,
-0.5534788522079769,,
-0.3995545917599967,,
-0.32933603512863985,,
-0.3791274714935768,,
-0.41553499999998234,,
-0.6220392191999404,,
-1.0726888032671726,,
-0.718539396847973,,
-0.6140905662720064,,
-3.287724431417562,,
-0.9545650909439575,,
-0.35453816245680525,,
-0.5358560624639566,,
