1756256400.0,17.44,18.72,17.43,18.56,33024.68
1756257300.0,18.56,19.13,18.15,18.58,26940.84
1756258200.0,18.58,19.8,18.57,19.46,20760.52
1756259100.0,19.46,19.55,18.0,18.54,25911.08
1756260000.0,18.54,18.59,17.5,17.82,7459.84
1756260900.0,17.82,18.54,17.69,18.24,11920.82
1756261800.0,18.24,18.83,18.08,18.78,13426.82
1756262700.0,18.78,19.22,18.34,18.48,7826.36
1756263600.0,18.48,18.79,18.16,18.63,5106.08
1756264500.0,18.63,19.0,18.18,18.21,6549.4
1756265400.0,18.21,18.38,18.0,18.04,8260.62
1756266300.0,18.04,18.25,17.58,17.74,10989.12
1756267200.0,17.74,18.16,17.4,18.11,17951.82
1756268100.0,18.11,18.57,17.78,17.8,6301.26
1756269000.0,17.8,17.96,17.67,17.9,3385.5
1756269900.0,17.9,18.28,17.57,17.93,6367.68
1756270800.0,17.93,18.54,17.88,18.19,12809.96
1756271700.0,18.19,18.53,17.91,17.98,4610.4
1756272600.0,17.98,18.42,17.89,18.29,5088.82
1756273500.0,18.29,18.37,17.75,17.85,7515.7
1756274400.0,17.85,17.98,15.5,15.82,38306.76
1756275300.0,15.82,16.38,15.37,15.96,17336.06
1756276200.0,15.96,16.04,15.11,15.26,18699.58
1756277100.0,15.26,15.26,14.47,14.71,19241.72
1756278000.0,14.71,14.83,13.95,14.05,19594.5
1756278900.0,14.05,15.44,13.93,14.82,30706.96
1756279800.0,14.82,15.32,14.57,14.77,22605.26
1756280700.0,14.77,14.99,14.41,14.71,8827.06
1756281600.0,14.71,16.15,14.61,15.96,28391.76
1756282500.0,15.96,16.79,15.85,15.93,49621.16
1756283400.0,15.93,16.44,15.93,16.38,10511.6
1756284300.0,16.38,17.23,16.21,16.63,37907.58
1756285200.0,16.63,16.91,16.15,16.9,24068.94
1756286100.0,16.9,17.47,16.8,16.93,19594.5
1756287000.0,16.93,17.14,16.56,16.77,9119.58
1756287900.0,16.77,16.98,16.46,16.62,6448.3
1756288800.0,16.62,17.18,16.57,16.93,5303.18
1756289700.0,16.93,17.87,16.86,17.63,5755.38
1756290600.0,17.63,17.79,17.29,17.65,9330.58
1756291500.0,17.65,17.67,16.53,16.7,19310.06
1756292400.0,16.7,17.03,16.29,16.37,13702.72
1756293300.0,16.37,17.03,16.31,16.76,7346.14
1756294200.0,16.76,17.07,16.46,16.78,8294.54
1756295100.0,16.78,17.29,16.57,17.27,5210.66
1756296000.0,17.27,17.27,16.63,16.75,7075.58
1756296900.0,16.75,16.75,16.29,16.45,9828.8
1756297800.0,16.45,16.85,16.29,16.44,5595.38
1756298700.0,16.44,16.53,15.55,16.02,19668.72
1756299600.0,16.02,16.29,15.66,16.02,10749.18
1756300500.0,16.02,16.39,15.88,16.12,5157.06
1756301400.0,16.12,16.39,15.92,16.11,12568.08
1756302300.0,16.11,16.15,15.78,16.06,5415.3
1756303200.0,16.06,16.63,15.96,16.36,8519.72
1756304100.0,16.36,16.63,16.05,16.11,6825.98
1756305000.0,16.11,16.25,15.91,16.0,4034.78
1756305900.0,16.0,16.12,15.7,15.71,9855.4
1756306800.0,15.71,15.95,15.25,15.78,22121.34
1756307700.0,15.78,17.54,15.75,17.4,50828.22
1756308600.0,17.4,20.76,17.4,20.1,144695.52
1756309500.0,20.1,21.67,19.75,20.84,37681.9
1756310400.0,20.84,24.54,20.63,23.6,62429.6
1756311300.0,23.6,23.84,22.47,23.51,30760.44
1756312200.0,23.51,23.59,21.6,21.71,23555.12
1756313100.0,21.71,21.81,20.82,21.33,24514.26
1756314000.0,21.33,21.52,19.78,19.95,15046.34
1756314900.0,19.95,20.11,19.01,19.75,13612.04
1756315800.0,19.75,20.69,19.71,20.37,16989.6
1756316700.0,20.37,21.26,20.34,21.16,8796.64
1756317600.0,21.16,22.0,20.4,20.53,9955.7
1756318500.0,20.53,21.47,20.53,20.84,7112.38
1756319400.0,20.84,21.41,20.69,21.09,4706.9
1756320300.0,21.09,22.1,20.83,21.09,7945.02
1756321200.0,21.09,21.92,21.05,21.54,7916.1
1756322100.0,21.54,21.7,21.16,21.47,1291.4
1756323000.0,21.47,21.8,21.35,21.47,3037.34
1756323900.0,21.47,21.98,21.21,21.73,4716.2
1756324800.0,21.73,21.95,21.26,21.75,5652.32
1756325700.0,21.75,24.12,21.75,23.93,23280.42
1756326600.0,23.93,24.61,22.83,23.46,19381.42
1756327500.0,23.46,23.64,22.48,23.02,9406.82
1756328400.0,23.02,24.02,22.97,23.06,12134.62
1756329300.0,23.06,23.56,22.81,23.5,7545.4
1756330200.0,23.5,23.94,23.01,23.32,12559.84
1756331100.0,23.32,23.45,22.53,22.97,12827.74
1756332000.0,22.97,23.59,22.18,22.38,12744.0
1756332900.0,22.38,22.59,21.62,21.85,12764.46
1756333800.0,21.85,22.47,21.32,22.44,3091.44
1756334700.0,22.44,23.13,22.05,22.18,6740.74
1756335600.0,22.18,22.97,21.06,22.07,11844.7
1756336500.0,22.07,22.2,21.49,21.72,12545.26
1756337400.0,21.72,21.93,21.39,21.57,8342.8
1756338300.0,21.57,21.9,20.57,21.29,17174.28
1756339200.0,21.29,21.6,20.63,21.12,25168.14
1756340100.0,21.12,21.77,21.0,21.73,17848.5
1756341000.0,21.73,21.73,20.55,20.98,2586.08
1756341900.0,20.98,21.12,20.48,20.53,1593.92
1756342800.0,20.53,20.89,20.11,20.54,2098.8
1756343700.0,20.54,20.98,20.36,20.87,1891.34
1756344600.0,20.87,21.31,20.6,21.13,2083.14
1756345500.0,21.13,21.83,20.92,21.83,14307.06
1756346400.0,21.83,22.03,20.51,20.79,19796.4
1756347300.0,20.79,20.92,20.32,20.81,7378.62
1756348200.0,20.81,20.88,20.59,20.68,3109.02
1756349100.0,20.68,20.78,20.34,20.7,4267.42
1756350000.0,20.7,20.74,20.38,20.6,4717.7
1756350900.0,20.6,20.69,19.79,19.96,9249.04
1756351800.0,19.96,20.98,19.93,20.79,40686.1
1756352700.0,20.79,21.4,20.6,20.95,28447.52
1756353600.0,20.95,21.41,20.54,21.41,25435.3
1756354500.0,21.41,21.43,20.8,20.93,11969.7
1756355400.0,20.93,21.19,20.66,20.81,5807.84
1756356300.0,20.81,21.08,20.72,20.82,2030.44
1756357200.0,20.82,20.82,20.29,20.41,5331.98
1756358100.0,20.41,20.76,20.28,20.36,2949.82
1756359000.0,20.36,20.73,20.26,20.4,2645.04
1756359900.0,20.4,20.42,20.03,20.08,2497.46
1756360800.0,20.08,20.69,19.88,20.56,7113.1
1756361700.0,20.56,20.67,19.9,20.02,6752.7
1756362600.0,20.02,20.41,19.98,20.39,6802.38
1756363500.0,20.39,20.9,20.27,20.61,13404.26
1756364400.0,20.61,20.98,20.5,20.7,10033.88
1756365300.0,20.7,20.87,20.39,20.51,7468.0
1756366200.0,20.51,21.97,20.43,21.85,15438.68
1756367100.0,21.85,22.71,21.46,22.28,66983.14
1756368000.0,22.28,22.31,21.15,21.77,72793.28
1756368900.0,21.77,22.45,21.33,22.15,39150.56
1756369800.0,22.15,22.74,21.89,22.48,11312.58
1756370700.0,22.48,22.56,21.85,21.93,6781.32
1756371600.0,21.93,22.05,21.47,21.72,7047.16
1756372500.0,21.72,21.84,21.4,21.52,5469.38
1756373400.0,21.52,22.23,21.51,22.22,11242.36
1756374300.0,22.22,23.01,22.12,22.53,17523.62
1756375200.0,22.53,22.79,22.19,22.21,8333.24
1756376100.0,22.21,22.42,22.01,22.04,7016.58
1756377000.0,22.04,22.09,21.71,21.85,2349.78
1756377900.0,21.85,22.16,21.63,21.68,7591.84
1756378800.0,21.68,21.98,21.68,21.81,720.58
1756379700.0,21.81,22.43,21.72,21.83,4226.48
1756380600.0,21.83,22.09,21.65,21.73,13292.66
1756381500.0,21.73,22.0,21.56,21.84,7299.26
1756382400.0,21.84,21.89,21.59,21.74,3290.7
1756383300.0,21.74,22.06,21.5,21.82,2118.88
1756384200.0,21.82,21.87,21.64,21.68,812.42
1756385100.0,21.68,21.86,21.54,21.59,9772.8
1756386000.0,21.59,21.59,20.8,21.13,7597.7
1756386900.0,21.13,21.31,20.98,21.24,7569.28
1756387800.0,21.24,21.67,21.06,21.62,5461.76
1756388700.0,21.62,22.18,21.3,21.46,11308.56
1756389600.0,21.46,21.46,19.74,20.05,22519.9
1756390500.0,20.05,20.41,19.94,20.25,3822.28
1756391400.0,20.25,20.44,19.95,20.37,3815.82
1756392300.0,20.37,20.45,19.45,19.81,12556.84
1756393200.0,19.81,19.82,18.61,18.8,34519.12
1756394100.0,18.8,19.11,18.5,18.65,22519.06
1756395000.0,18.65,18.8,18.04,18.32,10754.64
1756395900.0,18.32,18.65,18.26,18.52,8684.74
1756396800.0,18.52,19.33,18.4,19.12,20364.76
1756397700.0,19.12,19.29,18.42,18.48,14668.84
1756398600.0,18.48,18.61,18.18,18.21,11509.66
1756399500.0,18.21,18.78,18.16,18.35,15416.52
1756400400.0,18.35,18.37,17.94,18.14,9312.18
1756401300.0,18.14,18.45,18.05,18.26,8747.98
1756402200.0,18.26,18.41,18.02,18.11,19346.22
1756403100.0,18.11,18.18,17.35,17.71,23571.24
1756404000.0,17.71,18.04,17.71,18.01,4504.34
1756404900.0,18.01,18.21,17.71,17.8,9032.82
1756405800.0,17.8,17.84,17.61,17.64,7790.78
1756406700.0,17.64,17.96,17.64,17.82,3634.92
1756407600.0,17.82,18.32,17.82,18.21,6783.58
1756408500.0,18.21,18.24,17.97,18.08,2075.6
1756409400.0,18.08,18.22,17.97,18.06,2470.54
1756410300.0,18.06,18.12,17.61,17.64,9161.14
1756411200.0,17.64,17.75,17.47,17.49,6856.48
1756412100.0,17.49,17.74,17.42,17.63,2373.24
1756413000.0,17.63,17.92,17.59,17.87,6775.88
1756413900.0,17.87,18.28,17.87,18.25,7290.52
1756414800.0,18.25,18.29,18.11,18.26,4397.4
1756415700.0,18.26,18.5,18.24,18.33,4957.58
1756416600.0,18.33,18.47,18.05,18.46,2769.94
1756417500.0,18.46,18.5,18.24,18.3,4301.34
1756418400.0,18.3,18.44,18.24,18.25,3440.08
1756419300.0,18.25,18.25,18.1,18.18,2330.88
1756420200.0,18.18,18.41,18.18,18.38,7572.62
1756421100.0,18.38,18.47,18.35,18.44,1760.22
1756422000.0,18.44,18.44,18.1,18.15,1225.94
1756422900.0,18.15,18.25,18.06,18.13,2548.66
1756423800.0,18.13,18.19,17.95,17.99,2245.46
1756424700.0,17.99,17.99,17.78,17.84,4279.9
1756425600.0,17.84,17.95,17.69,17.78,3469.72
1756426500.0,17.78,18.07,17.63,17.98,6850.44
1756427400.0,17.98,18.13,17.86,18.04,6517.86
1756428300.0,18.04,18.37,18.02,18.33,4201.44
1756429200.0,18.33,18.33,17.98,18.08,5475.92
1756430100.0,18.08,18.11,17.72,17.76,1909.62
1756431000.0,17.76,17.76,17.4,17.48,2361.36
1756431900.0,17.48,17.57,17.41,17.51,3104.88
1756432800.0,17.51,17.71,17.49,17.67,2165.26
1756433700.0,17.67,17.81,17.55,17.6,2050.74
1756434600.0,17.6,17.62,17.15,17.46,8378.46
1756435500.0,17.46,17.52,17.44,17.49,1283.16
1756436400.0,17.49,17.5,17.36,17.41,2229.44
1756437300.0,17.41,17.41,17.2,17.25,2885.84
1756438200.0,17.25,17.25,17.06,17.15,3469.48
1756439100.0,17.15,17.35,17.15,17.22,1160.2
1756440000.0,17.22,17.31,17.08,17.22,2325.74
1756440900.0,17.22,17.69,17.22,17.69,6689.9
1756441800.0,17.69,17.78,17.57,17.77,8825.6
1756442700.0,17.77,17.86,17.67,17.69,5568.84
1756443600.0,17.69,17.83,17.62,17.83,906.56
1756444500.0,17.83,17.91,17.71,17.78,1055.46
1756445400.0,17.78,17.89,17.68,17.81,2923.2
1756446300.0,17.81,17.84,17.74,17.79,3395.42
1756447200.0,17.79,18.23,17.79,17.94,12357.52
1756448100.0,17.94,18.22,17.94,18.21,4538.9
1756449000.0,18.21,18.29,17.05,17.75,107318.68
1756449900.0,17.75,19.52,17.57,18.96,102539.74
1756450800.0,18.96,19.93,18.3,18.55,150285.14
1756451700.0,18.55,18.56,18.07,18.16,20567.02
1756452600.0,18.16,18.5,18.04,18.04,39463.08
1756453500.0,18.04,18.07,17.73,17.75,22173.66
1756454400.0,17.75,17.84,17.52,17.53,17124.36
1756455300.0,17.53,17.6,17.37,17.41,5922.24
1756456200.0,17.41,17.66,17.31,17.52,11920.28
1756457100.0,17.52,17.69,17.42,17.42,7861.34
1756458000.0,17.42,17.53,17.1,17.13,20590.36
1756458900.0,17.13,17.15,16.78,16.78,5638.1
1756459800.0,16.78,16.91,16.75,16.86,2552.82
1756460700.0,16.86,17.06,16.86,17.04,1773.28
1756461600.0,17.04,17.08,16.57,16.64,4328.94
1756462500.0,16.64,16.68,16.62,16.66,1522.14
1756463400.0,16.66,16.68,16.6,16.68,1532.6
1756464300.0,16.68,17.0,16.62,16.82,15095.14
1756465200.0,16.82,16.89,16.61,16.7,4452.26
1756466100.0,16.7,16.7,16.31,16.5,9875.14
1756467000.0,16.5,16.5,16.27,16.29,3533.4
1756467900.0,16.29,16.32,16.14,16.18,4868.5
1756468800.0,16.18,16.48,16.18,16.42,7747.18
1756469700.0,16.42,16.55,16.32,16.39,2334.36
1756470600.0,16.39,16.67,16.27,16.32,10849.26
1756471500.0,16.32,16.49,16.29,16.42,3276.9
1756472400.0,16.42,16.42,16.21,16.3,2130.18
1756473300.0,16.3,16.37,16.25,16.34,1042.44
1756474200.0,16.34,16.53,16.31,16.43,2919.46
1756475100.0,16.43,16.46,16.24,16.24,1928.52
1756476000.0,16.24,16.34,15.92,15.94,3790.58
1756476900.0,15.94,15.99,15.75,15.87,4691.66
1756477800.0,15.87,15.88,15.62,15.68,6674.28
1756478700.0,15.68,15.75,15.63,15.67,1847.18
1756479600.0,15.67,16.11,15.67,15.96,4119.32
1756480500.0,15.96,16.24,15.85,15.92,12163.48
1756481400.0,15.92,16.25,15.74,16.25,8527.62
1756482300.0,16.25,16.4,16.13,16.19,6374.94
1756483200.0,16.19,16.22,15.74,15.81,5107.58
1756484100.0,15.81,15.85,15.58,15.68,5825.14
1756485000.0,15.68,15.75,15.64,15.68,1708.84
1756485900.0,15.68,15.71,15.56,15.69,2146.88
1756486800.0,15.69,15.86,15.64,15.73,3322.8
1756487700.0,15.73,15.82,15.73,15.79,861.28
1756488600.0,15.79,15.82,15.66,15.81,790.1
1756489500.0,15.81,15.89,15.72,15.84,1957.78
1756490400.0,15.84,16.04,15.84,16.01,3708.24
1756491300.0,16.01,16.06,15.81,15.84,3173.16
1756492200.0,15.84,16.04,15.79,16.01,3433.52
1756493100.0,16.01,16.08,15.95,16.0,2138.16
1756494000.0,16.0,16.07,15.97,16.0,1803.06
1756494900.0,16.0,16.21,16.0,16.19,1789.38
1756495800.0,16.19,16.25,16.09,16.16,1624.08
1756496700.0,16.16,16.19,16.08,16.17,2364.62
1756497600.0,16.17,16.18,16.03,16.15,3735.9
1756498500.0,16.15,16.21,16.04,16.06,1074.9
1756499400.0,16.06,16.06,15.96,16.01,1003.08
1756500300.0,16.01,16.22,16.01,16.22,399.04
1756501200.0,16.22,16.46,16.19,16.31,3537.58
1756502100.0,16.31,16.33,16.2,16.3,735.06
1756503000.0,16.3,16.41,16.24,16.3,930.68
1756503900.0,16.3,16.31,16.21,16.21,243.06
1756504800.0,16.21,16.27,16.16,16.24,521.12
1756505700.0,16.24,16.24,16.12,16.15,787.08
1756506600.0,16.15,16.16,16.07,16.13,623.02
1756507500.0,16.13,16.25,16.1,16.22,536.68
1756508400.0,16.22,16.25,16.1,16.13,977.38
1756509300.0,16.13,16.15,16.12,16.14,17.14
1756510200.0,16.14,16.21,16.13,16.15,212.58
1756511100.0,16.15,16.25,16.11,16.25,967.76
1756512000.0,16.25,16.25,16.08,16.08,1456.32
1756512900.0,16.08,16.13,15.97,16.0,1357.56
1756513800.0,16.0,16.0,15.92,15.95,1082.66
1756514700.0,15.95,15.99,15.85,15.92,5683.04
1756515600.0,15.92,15.92,15.82,15.83,1077.84
1756516500.0,15.83,15.86,15.78,15.79,865.6
1756517400.0,15.79,15.87,15.77,15.81,1233.14
1756518300.0,15.81,15.81,15.68,15.68,868.42
1756519200.0,15.68,15.97,15.67,15.9,1512.34
1756520100.0,15.9,16.05,15.85,15.95,4339.9
1756521000.0,15.95,16.2,15.94,16.18,3415.2
1756521900.0,16.18,16.2,16.05,16.1,1283.52
1756522800.0,16.1,16.2,16.08,16.16,1838.54
1756523700.0,16.16,16.34,16.16,16.26,1188.04
1756524600.0,16.26,16.79,16.26,16.43,6147.72
1756525500.0,16.43,16.6,16.27,16.37,7595.94
1756526400.0,16.37,16.6,16.33,16.47,7329.46
1756527300.0,16.47,16.55,16.42,16.44,5720.5
1756528200.0,16.44,16.63,16.4,16.59,4013.16
1756529100.0,16.59,16.7,16.49,16.5,4771.66
1756530000.0,16.5,16.5,16.25,16.25,4580.9
1756530900.0,16.25,16.39,16.24,16.35,2087.06
1756531800.0,16.35,16.37,16.3,16.35,1268.62
1756532700.0,16.35,16.35,16.24,16.27,539.42
1756533600.0,16.27,16.28,16.12,16.12,914.96
1756534500.0,16.12,16.13,16.01,16.04,1010.12
1756535400.0,16.04,16.09,16.03,16.06,981.32
1756536300.0,16.06,16.08,15.93,15.94,881.7
1756537200.0,15.94,15.97,15.86,15.97,1543.22
1756538100.0,15.97,16.0,15.87,15.9,953.34
1756539000.0,15.9,15.96,15.85,15.94,1324.02
1756539900.0,15.94,15.94,15.84,15.84,618.52
1756540800.0,15.84,15.97,15.82,15.96,131.46
1756541700.0,15.96,15.98,15.91,15.93,417.24
1756542600.0,15.93,16.05,15.9,16.03,816.46
1756543500.0,16.03,16.04,15.93,15.98,404.38
1756544400.0,15.98,16.04,15.92,15.92,544.5
1756545300.0,15.92,15.95,15.9,15.93,58.28
1756546200.0,15.93,15.93,15.66,15.67,1931.32
1756547100.0,15.67,15.77,15.65,15.73,1141.46
1756548000.0,15.73,15.87,15.71,15.81,5977.64
1756548900.0,15.81,15.88,15.77,15.8,1704.24
1756549800.0,15.8,15.83,15.73,15.78,1900.82
1756550700.0,15.78,15.84,15.74,15.78,94.12
1756551600.0,15.78,15.87,15.78,15.81,707.9
1756552500.0,15.81,15.94,15.79,15.94,759.84
1756553400.0,15.94,15.94,15.82,15.83,338.02
1756554300.0,15.83,15.91,15.83,15.88,1056.38
1756555200.0,15.88,15.93,15.85,15.85,2370.84
1756556100.0,15.85,15.86,15.72,15.72,821.86
1756557000.0,15.72,15.72,15.59,15.67,1434.36
1756557900.0,15.67,15.68,15.61,15.65,635.54
1756558800.0,15.65,15.66,15.54,15.54,716.64
1756559700.0,15.54,15.54,15.42,15.48,1803.44
1756560600.0,15.48,15.56,15.44,15.55,241.74
1756561500.0,15.55,15.67,15.52,15.61,63.22
1756562400.0,15.61,15.61,15.48,15.53,2055.24
1756563300.0,15.53,15.55,15.49,15.55,225.88
1756564200.0,15.55,15.68,15.53,15.67,485.46
1756565100.0,15.67,15.86,15.66,15.75,633.36
1756566000.0,15.75,15.88,15.74,15.83,9430.22
1756566900.0,15.83,15.87,15.77,15.82,1314.62
1756567800.0,15.82,15.9,15.73,15.9,1830.88
1756568700.0,15.9,15.95,15.83,15.86,2730.42
1756569600.0,15.86,15.89,15.77,15.82,2395.6
1756570500.0,15.82,15.86,15.77,15.8,1810.66
1756571400.0,15.8,15.82,15.76,15.78,1547.66
1756572300.0,15.78,15.83,15.73,15.76,220.26
1756573200.0,15.76,15.85,15.76,15.81,1388.62
1756574100.0,15.81,15.84,15.76,15.78,510.32
1756575000.0,15.78,15.8,15.74,15.78,612.0
1756575900.0,15.78,15.82,15.77,15.8,145.12
1756576800.0,15.8,15.8,15.72,15.73,787.42
1756577700.0,15.73,15.73,15.68,15.73,908.62
1756578600.0,15.73,15.8,15.72,15.78,665.38
1756579500.0,15.78,15.8,15.72,15.72,669.9
1756580400.0,15.72,15.74,15.67,15.69,465.14
1756581300.0,15.69,15.7,15.66,15.68,599.18
1756582200.0,15.68,15.68,15.62,15.67,360.84
1756583100.0,15.67,15.67,15.59,15.62,372.86
1756584000.0,15.62,15.67,15.6,15.64,210.56
1756584900.0,15.64,15.64,15.6,15.6,81.02
1756585800.0,15.6,15.6,15.57,15.59,173.98
1756586700.0,15.59,15.63,15.59,15.62,252.28
1756587600.0,15.62,15.74,15.62,15.73,943.32
1756588500.0,15.73,15.73,15.63,15.64,37.16
1756589400.0,15.64,15.7,15.64,15.7,228.32
1756590300.0,15.7,15.71,15.66,15.68,453.6
1756591200.0,15.68,15.68,15.59,15.6,331.98
1756592100.0,15.6,15.63,15.58,15.58,437.64
1756593000.0,15.58,15.58,15.54,15.54,21.38
1756593900.0,15.54,15.56,15.49,15.5,802.64
1756594800.0,15.5,15.53,15.48,15.5,827.36
1756595700.0,15.5,15.52,15.45,15.48,97.56
1756596600.0,15.48,15.48,15.46,15.48,11.8
1756597500.0,15.48,15.54,15.48,15.5,341.58
1756598400.0,15.5,15.62,15.41,15.44,7404.54
1756599300.0,15.44,15.44,15.37,15.4,2338.98
1756600200.0,15.4,15.5,15.39,15.5,2432.6
1756601100.0,15.5,15.75,15.5,15.74,6874.06
1756602000.0,15.74,15.82,15.64,15.72,5891.02
1756602900.0,15.72,15.74,15.63,15.7,2283.26
1756603800.0,15.7,15.78,15.7,15.78,575.46
1756604700.0,15.78,15.85,15.7,15.7,2850.56
1756605600.0,15.7,15.72,15.67,15.67,900.18
1756606500.0,15.67,15.7,15.63,15.68,785.5
1756607400.0,15.68,15.71,15.65,15.65,45.98
1756608300.0,15.65,15.65,15.61,15.61,386.26
1756609200.0,15.61,15.63,15.54,15.55,3081.18
1756610100.0,15.55,15.58,15.54,15.58,256.14
1756611000.0,15.58,15.6,15.56,15.56,303.52
1756611900.0,15.56,15.56,15.47,15.48,497.14
1756612800.0,15.48,15.48,15.43,15.43,1458.76
1756613700.0,15.43,15.43,15.38,15.4,281.52
1756614600.0,15.4,15.41,15.38,15.39,62.48
1756615500.0,15.39,15.39,15.31,15.33,190.6
1756616400.0,15.33,15.36,15.22,15.32,1382.92
1756617300.0,15.32,15.39,15.32,15.33,168.3
1756618200.0,15.33,15.39,15.33,15.36,100.88
1756619100.0,15.36,15.39,15.35,15.35,113.36
1756620000.0,15.35,15.42,15.35,15.36,983.94
1756620900.0,15.36,15.39,15.34,15.38,185.16
1756621800.0,15.38,15.44,15.38,15.42,165.7
1756622700.0,15.42,15.42,15.3,15.3,101.98
1756623600.0,15.3,15.3,15.23,15.23,645.02
1756624500.0,15.23,15.3,15.22,15.26,1976.22
1756625400.0,15.26,15.26,15.13,15.13,1178.58
1756626300.0,15.13,15.17,15.12,15.14,589.64
1756627200.0,15.14,15.22,15.14,15.21,602.56
1756628100.0,15.21,15.22,15.17,15.21,142.56
1756629000.0,15.21,15.21,15.16,15.18,691.58
1756629900.0,15.18,15.19,15.13,15.13,274.44
1756630800.0,15.13,15.21,15.13,15.2,435.72
1756631700.0,15.2,15.2,15.16,15.18,205.3
1756632600.0,15.18,15.18,15.11,15.11,73.54
1756633500.0,15.11,15.11,15.06,15.08,488.42
1756634400.0,15.08,15.15,15.04,15.07,343.3
1756635300.0,15.07,15.09,15.05,15.07,186.46
1756636200.0,15.07,15.07,14.96,14.97,248.46
1756637100.0,14.97,15.01,14.97,15.01,83.06
1756638000.0,15.01,15.07,15.01,15.05,159.14
1756638900.0,15.05,15.11,15.05,15.08,141.22
1756639800.0,15.08,15.08,14.99,14.99,564.06
1756640700.0,14.99,15.02,14.99,15.02,193.88
1756641600.0,15.02,15.48,15.02,15.34,11788.7
1756642500.0,15.34,15.94,15.34,15.54,25276.72
1756643400.0,15.54,15.97,15.48,15.84,11721.98
1756644300.0,15.84,15.9,15.63,15.71,5267.74
1756645200.0,15.71,16.51,15.71,16.06,16344.54
1756646100.0,16.06,16.06,15.32,15.39,34573.78
1756647000.0,15.39,15.39,15.15,15.16,2830.12
1756647900.0,15.16,15.27,15.02,15.07,2352.9
1756648800.0,15.07,15.22,15.01,15.18,1979.94
1756649700.0,15.18,15.19,15.05,15.11,872.02
1756650600.0,15.11,15.15,14.97,15.0,402.9
1756651500.0,15.0,15.0,14.77,14.81,3596.18
1756652400.0,14.81,14.91,14.72,14.76,1386.84
1756653300.0,14.76,14.85,14.67,14.81,1275.48
1756654200.0,14.81,14.82,14.64,14.7,1057.42
1756655100.0,14.7,14.75,14.7,14.73,490.0
1756656000.0,14.73,14.76,14.57,14.68,3751.6
1756656900.0,14.68,14.7,14.52,14.63,12937.54
1756657800.0,14.63,14.66,14.58,14.63,1202.16
1756658700.0,14.63,14.65,14.61,14.61,326.1
1756659600.0,14.61,14.61,14.46,14.48,3690.78
1756660500.0,14.48,14.5,14.43,14.5,611.64
1756661400.0,14.5,14.54,14.46,14.51,240.58
1756662300.0,14.51,14.51,14.37,14.38,1701.32
1756663200.0,14.38,14.48,14.37,14.44,2191.72
1756664100.0,14.44,14.48,14.43,14.43,402.7
1756665000.0,14.43,14.56,14.43,14.53,491.94
1756665900.0,14.53,14.58,14.5,14.56,746.52
1756666800.0,14.56,14.56,14.46,14.46,116.5
1756667700.0,14.46,14.51,14.4,14.43,373.88
1756668600.0,14.43,14.45,14.41,14.43,93.68
1756669500.0,14.43,14.48,14.43,14.48,226.04
1756670400.0,14.48,14.51,14.45,14.48,338.9
1756671300.0,14.48,14.55,14.47,14.55,308.64
1756672200.0,14.55,14.59,14.51,14.55,973.2
1756673100.0,14.55,14.57,14.5,14.57,412.42
1756674000.0,14.57,14.57,14.51,14.55,41.18
1756674900.0,14.55,14.64,14.55,14.63,273.76
1756675800.0,14.63,14.96,14.62,14.89,784.92
1756676700.0,14.89,15.06,14.89,14.97,7761.54
1756677600.0,14.97,15.02,14.89,14.9,3982.46
1756678500.0,14.9,14.95,14.84,14.93,1526.94
1756679400.0,14.93,15.04,14.92,14.95,2091.72
1756680300.0,14.95,14.99,14.93,14.97,663.32
1756681200.0,14.97,15.0,14.91,14.95,509.86
1756682100.0,14.95,15.08,14.91,15.03,2316.64
1756683000.0,15.03,15.03,14.88,14.93,1010.52
1756683900.0,14.93,14.93,14.77,14.8,1622.78
1756684800.0,14.8,14.8,14.53,14.53,2150.82
1756685700.0,14.53,14.55,14.39,14.4,519.34
1756686600.0,14.4,14.51,14.36,14.45,1524.22
1756687500.0,14.45,14.46,14.34,14.38,477.56
1756688400.0,14.38,14.41,14.23,14.35,1262.68
1756689300.0,14.35,14.39,14.28,14.31,2627.22
1756690200.0,14.31,14.34,14.27,14.33,769.92
1756691100.0,14.33,14.33,14.2,14.27,642.56
1756692000.0,14.27,14.33,14.23,14.29,1438.28
1756692900.0,14.29,14.29,14.21,14.27,1663.82
1756693800.0,14.27,14.33,14.24,14.31,1026.84
1756694700.0,14.31,14.31,14.22,14.28,152.66
1756695600.0,14.28,14.33,14.2,14.27,2870.92
1756696500.0,14.27,14.35,14.24,14.28,2379.34
1756697400.0,14.28,14.46,14.28,14.42,1367.24
1756698300.0,14.42,14.43,14.31,14.43,2332.94
1756699200.0,14.43,14.43,14.25,14.3,866.48
1756700100.0,14.3,14.33,14.18,14.19,1820.96
1756701000.0,14.19,14.23,14.13,14.17,1218.74
1756701900.0,14.17,14.23,14.12,14.22,1157.6
1756702800.0,14.22,14.25,14.07,14.12,1263.5
1756703700.0,14.12,14.16,14.08,14.14,947.44
1756704600.0,14.14,14.15,14.05,14.07,627.82
1756705500.0,14.07,14.07,13.97,13.98,493.6
1756706400.0,13.98,14.04,13.96,13.98,773.92
1756707300.0,13.98,13.99,13.92,13.96,112.88
1756708200.0,13.96,13.96,13.89,13.89,373.52
1756709100.0,13.89,13.89,13.81,13.82,1098.82
1756710000.0,13.82,13.94,13.79,13.91,1692.82
1756710900.0,13.91,14.02,13.86,14.01,2263.34
1756711800.0,14.01,14.1,14.0,14.06,747.78
1756712700.0,14.06,14.21,14.06,14.21,330.5
1756713600.0,14.21,14.42,14.21,14.35,1367.7
1756714500.0,14.35,14.36,14.27,14.32,374.1
1756715400.0,14.32,14.57,14.32,14.57,1176.9
1756716300.0,14.57,14.77,14.49,14.75,5178.8
1756717200.0,14.75,14.75,14.49,14.49,3984.74
1756718100.0,14.49,14.5,14.4,14.41,593.54
1756719000.0,14.41,14.42,14.33,14.36,79.02
1756719900.0,14.36,14.37,14.32,14.33,637.2
1756720800.0,14.33,14.36,14.28,14.3,1262.52
1756721700.0,14.3,14.38,14.3,14.32,174.36
1756722600.0,14.32,14.32,14.23,14.27,1139.32
1756723500.0,14.27,14.27,14.23,14.27,195.32
1756724400.0,14.27,14.27,14.13,14.13,984.02
1756725300.0,14.13,14.15,14.09,14.12,711.24
1756726200.0,14.12,14.12,14.04,14.04,104.34
1756727100.0,14.04,14.05,13.98,13.98,1447.02
1756728000.0,13.98,14.15,13.98,14.13,2006.86
1756728900.0,14.13,14.15,14.07,14.15,381.44
1756729800.0,14.15,14.26,14.11,14.16,694.38
1756730700.0,14.16,14.16,14.06,14.06,294.86
1756731600.0,14.06,14.06,13.88,13.88,1060.68
1756732500.0,13.88,13.95,13.88,13.92,371.22
1756733400.0,13.92,13.92,13.86,13.86,27.42
1756734300.0,13.86,13.87,13.73,13.73,769.9
1756735200.0,13.73,13.76,13.67,13.68,492.68
1756736100.0,13.68,13.74,13.64,13.71,1703.7
1756737000.0,13.71,13.71,13.61,13.7,375.14
1756737900.0,13.7,13.78,13.69,13.69,469.9
1756738800.0,13.69,13.69,13.63,13.64,135.12
1756739700.0,13.64,13.71,13.61,13.7,624.72
1756740600.0,13.7,13.76,13.7,13.72,133.02
1756741500.0,13.72,13.77,13.72,13.75,279.14
1756742400.0,13.75,13.75,13.68,13.7,447.16
1756743300.0,13.7,13.77,13.64,13.75,179.46
1756744200.0,13.75,13.9,13.72,13.88,1780.3
1756745100.0,13.88,14.08,13.88,13.92,8118.44
1756746000.0,13.92,14.15,13.92,14.14,2278.96
1756746900.0,14.14,14.19,14.04,14.18,361.36
1756747800.0,14.18,14.26,14.04,14.06,856.54
1756748700.0,14.06,14.11,13.96,14.07,1040.58
1756749600.0,14.07,14.11,13.99,14.05,936.42
1756750500.0,14.05,14.14,14.04,14.1,116.08
1756751400.0,14.1,14.14,14.05,14.06,276.78
1756752300.0,14.06,14.08,14.0,14.0,1041.32
1756753200.0,14.0,14.0,13.87,13.87,1202.24
1756754100.0,13.87,13.9,13.84,13.84,69.48
1756755000.0,13.84,13.92,13.84,13.88,1196.24
1756755900.0,13.88,13.88,13.81,13.86,362.96
1756756800.0,13.86,13.88,13.85,13.86,93.8
1756757700.0,13.86,13.86,13.76,13.79,575.46
1756758600.0,13.79,13.81,13.71,13.71,403.36
1756759500.0,13.71,13.76,13.69,13.73,685.68
1756760400.0,13.73,13.73,13.66,13.66,845.14
1756761300.0,13.66,13.67,13.58,13.59,384.82
1756762200.0,13.59,13.61,13.47,13.48,797.8
1756763100.0,13.48,13.52,13.46,13.51,742.62
1756764000.0,13.51,13.53,13.4,13.41,467.5
1756764900.0,13.41,13.46,13.33,13.33,1289.96
1756765800.0,13.33,13.41,13.33,13.35,629.08
1756766700.0,13.35,13.44,13.35,13.38,2734.16
1756767600.0,13.38,13.5,13.38,13.46,1496.08
1756768500.0,13.46,13.58,13.45,13.55,717.44
1756769400.0,13.55,13.55,13.47,13.53,274.06
1756770300.0,13.53,13.59,13.5,13.59,405.46
1756771200.0,13.59,13.68,13.5,13.61,1465.88
1756772100.0,13.61,13.61,13.55,13.58,58.12
1756773000.0,13.58,13.58,13.41,13.44,898.42
1756773900.0,13.44,13.57,13.44,13.57,177.1
1756774800.0,13.57,13.76,13.57,13.61,5107.22
1756775700.0,13.61,13.66,13.59,13.62,1167.94
1756776600.0,13.62,13.84,13.62,13.84,788.76
1756777500.0,13.84,13.99,13.78,13.79,4280.72
1756778400.0,13.79,13.86,13.73,13.86,436.58
1756779300.0,13.86,13.89,13.81,13.86,359.3
1756780200.0,13.86,13.86,13.7,13.77,737.66
1756781100.0,13.77,13.85,13.77,13.8,665.02
1756782000.0,13.8,13.87,13.8,13.87,46.9
1756782900.0,13.87,13.92,13.83,13.87,577.6
1756783800.0,13.87,13.92,13.8,13.92,818.48
1756784700.0,13.92,14.08,13.9,13.92,5061.58
1756785600.0,13.92,13.92,13.77,13.77,628.76
1756786500.0,13.77,13.83,13.74,13.79,2320.28
1756787400.0,13.79,13.79,13.71,13.71,181.7
1756788300.0,13.71,13.71,13.66,13.68,266.28
1756789200.0,13.68,13.69,13.61,13.61,686.16
1756790100.0,13.61,13.66,13.6,13.63,691.46
1756791000.0,13.63,13.65,13.55,13.58,162.26
1756791900.0,13.58,13.64,13.58,13.63,79.42
1756792800.0,13.63,13.63,13.59,13.6,274.16
1756793700.0,13.6,13.7,13.56,13.58,599.44
1756794600.0,13.58,13.6,13.55,13.59,36.46
1756795500.0,13.59,13.59,13.55,13.59,128.06
1756796400.0,13.59,13.61,13.52,13.52,550.46
1756797300.0,13.52,13.59,13.52,13.59,230.14
1756798200.0,13.59,13.6,13.54,13.56,9.18
1756799100.0,13.56,13.56,13.46,13.46,544.36
1756800000.0,13.46,13.5,13.41,13.42,3628.96
1756800900.0,13.42,13.45,13.42,13.43,313.12
1756801800.0,13.43,13.44,13.41,13.43,192.4
1756802700.0,13.43,13.48,13.42,13.43,191.84
1756803600.0,13.43,13.48,13.38,13.48,277.04
1756804500.0,13.48,13.48,13.38,13.39,532.38
1756805400.0,13.39,13.81,13.38,13.67,11627.82
1756806300.0,13.67,13.67,13.56,13.63,2732.3
1756807200.0,13.63,13.74,13.56,13.6,2048.24
1756808100.0,13.6,13.6,13.48,13.54,736.9
1756809000.0,13.54,13.58,13.5,13.53,760.12
1756809900.0,13.53,13.58,13.51,13.54,604.06
1756810800.0,13.54,13.54,13.46,13.51,688.26
1756811700.0,13.51,13.65,13.5,13.54,2777.28
1756812600.0,13.54,13.6,13.51,13.51,329.2
1756813500.0,13.51,13.52,13.47,13.5,151.14
1756814400.0,13.5,13.54,13.35,13.4,810.2
1756815300.0,13.4,13.4,13.34,13.38,483.34
1756816200.0,13.38,13.44,13.36,13.37,350.82
1756817100.0,13.37,13.37,13.22,13.23,1798.4
1756818000.0,13.23,13.34,13.23,13.33,199.48
1756818900.0,13.33,13.33,13.23,13.28,785.48
1756819800.0,13.28,13.49,13.18,13.49,2086.34
1756820700.0,13.49,13.85,13.48,13.82,5470.74
1756821600.0,13.82,13.87,13.42,13.43,1631.94
1756822500.0,13.43,13.53,13.36,13.53,4192.5
1756823400.0,13.53,13.66,13.5,13.59,2685.94
1756824300.0,13.59,13.7,13.47,13.5,5400.92
1756825200.0,13.5,13.53,13.41,13.44,303.62
1756826100.0,13.44,13.46,13.36,13.44,87.4
1756827000.0,13.44,13.47,13.31,13.33,332.9
1756827900.0,13.33,13.33,13.2,13.21,335.36
1756828800.0,13.21,13.37,13.21,13.32,961.82
1756829700.0,13.32,13.38,13.25,13.28,1956.22
1756830600.0,13.28,13.34,13.24,13.33,466.38
1756831500.0,13.33,13.36,13.28,13.28,145.36
1756832400.0,13.28,13.33,13.26,13.27,225.54
1756833300.0,13.27,13.33,13.27,13.31,62.86
1756834200.0,13.31,13.41,13.31,13.35,188.74
1756835100.0,13.35,13.36,13.31,13.35,121.6
1756836000.0,13.35,13.37,13.3,13.35,232.52
1756836900.0,13.35,13.35,13.2,13.2,843.16
1756837800.0,13.2,13.25,13.13,13.25,999.0
1756838700.0,13.25,13.38,13.19,13.3,1014.98
1756839600.0,13.3,13.39,13.28,13.34,755.64
1756840500.0,13.34,13.36,13.29,13.29,102.4
1756841400.0,13.29,13.34,13.25,13.3,1153.0
1756842300.0,13.3,13.32,13.27,13.29,366.16
1756843200.0,13.29,13.57,13.26,13.53,3790.14
1756844100.0,13.53,13.69,13.52,13.64,1353.7
1756845000.0,13.64,14.12,13.64,13.97,10190.16
1756845900.0,13.97,13.97,13.54,13.58,3116.72
1756846800.0,13.58,13.74,13.49,13.74,1807.26
1756847700.0,13.74,13.84,13.65,13.78,428.64
1756848600.0,13.78,13.87,13.7,13.87,340.62
1756849500.0,13.87,14.13,13.87,14.06,1963.26
1756850400.0,14.06,14.08,13.86,14.06,1235.5
1756851300.0,14.06,14.07,13.74,13.8,1383.2
1756852200.0,13.8,13.8,13.67,13.67,624.3
1756853100.0,13.67,13.68,13.59,13.66,1728.32
1756854000.0,13.66,13.71,13.59,13.67,92.52
1756854900.0,13.67,13.73,13.66,13.71,162.66
1756855800.0,13.71,13.74,13.56,13.56,172.94
1756856700.0,13.56,13.75,13.55,13.58,8618.2
1756857600.0,13.58,13.58,13.5,13.57,771.48
1756858500.0,13.57,13.72,13.56,13.71,544.72
1756859400.0,13.71,13.71,13.56,13.56,94.86
1756860300.0,13.56,13.56,13.3,13.35,7155.52
1756861200.0,13.35,13.37,13.28,13.31,36.86
1756862100.0,13.31,13.41,13.31,13.37,797.72
1756863000.0,13.37,13.47,13.37,13.46,148.3
1756863900.0,13.46,13.51,13.38,13.51,92.14
1756864800.0,13.51,13.61,13.49,13.55,2268.94
1756865700.0,13.55,13.81,13.52,13.81,1988.54
1756866600.0,13.81,13.83,13.74,13.83,1529.48
1756867500.0,13.83,13.89,13.7,13.73,1090.44
1756868400.0,13.73,13.73,13.55,13.56,1041.94
1756869300.0,13.56,13.7,13.56,13.56,727.52
1756870200.0,13.56,13.57,13.52,13.52,117.78
1756871100.0,13.52,13.54,13.48,13.54,182.52
1756872000.0,13.54,13.58,13.49,13.49,131.2
1756872900.0,13.49,13.5,13.47,13.48,25.28
1756873800.0,13.48,13.54,13.45,13.54,784.62
1756874700.0,13.54,13.7,13.48,13.64,908.3
1756875600.0,13.64,13.64,13.39,13.4,1054.14
1756876500.0,13.4,13.4,13.36,13.37,224.2
1756877400.0,13.37,13.42,13.32,13.4,1117.44
1756878300.0,13.4,13.46,13.4,13.42,45.36
1756879200.0,13.42,13.43,13.33,13.35,729.18
1756880100.0,13.35,13.46,13.34,13.36,3162.88
1756881000.0,13.36,13.4,13.33,13.4,108.26
1756881900.0,13.4,13.4,13.36,13.36,176.14
1756882800.0,13.36,13.36,13.26,13.32,249.62
1756883700.0,13.32,13.32,13.23,13.24,1819.38
1756884600.0,13.24,13.25,13.19,13.21,541.38
1756885500.0,13.21,13.24,13.18,13.21,602.58
1756886400.0,13.21,13.26,13.19,13.24,296.12
1756887300.0,13.24,13.26,13.12,13.13,1309.9
1756888200.0,13.13,13.18,13.13,13.16,262.28
1756889100.0,13.16,13.17,13.04,13.07,637.0
1756890000.0,13.07,13.14,13.05,13.09,237.06
1756890900.0,13.09,13.36,13.09,13.31,3873.32
1756891800.0,13.31,13.43,13.21,13.43,826.7
1756892700.0,13.43,13.84,13.41,13.6,20282.74
1756893600.0,13.6,13.75,13.48,13.5,7836.82
1756894500.0,13.5,13.66,13.5,13.63,2629.82
1756895400.0,13.63,13.65,13.49,13.51,1236.98
1756896300.0,13.51,13.51,13.47,13.5,107.2
1756897200.0,13.5,13.51,13.41,13.5,740.24
1756898100.0,13.5,13.5,13.42,13.43,149.74
1756899000.0,13.43,13.52,13.4,13.43,926.24
1756899900.0,13.43,13.45,13.4,13.45,626.68
1756900800.0,13.45,13.47,13.4,13.44,1214.36
1756901700.0,13.44,13.44,13.41,13.42,90.9
1756902600.0,13.42,13.47,13.39,13.39,364.04
1756903500.0,13.39,13.41,13.35,13.4,157.2
1756904400.0,13.4,13.57,13.4,13.49,1600.02
1756905300.0,13.49,13.61,13.49,13.59,717.92
1756906200.0,13.59,13.75,13.51,13.75,851.22
1756907100.0,13.75,13.8,13.68,13.68,2935.26
1756908000.0,13.68,13.7,13.5,13.5,1673.38
1756908900.0,13.5,13.56,13.47,13.53,850.24
1756909800.0,13.53,13.77,13.53,13.72,661.78
1756910700.0,13.72,13.78,13.63,13.69,3598.5
1756911600.0,13.69,13.69,13.54,13.54,1520.6
1756912500.0,13.54,13.65,13.54,13.59,798.96
1756913400.0,13.59,13.67,13.55,13.67,613.08
1756914300.0,13.67,13.69,13.61,13.65,453.82
1756915200.0,13.65,13.65,13.51,13.57,721.56
1756916100.0,13.57,13.59,13.54,13.54,187.54
1756917000.0,13.54,13.55,13.48,13.48,510.28
1756917900.0,13.48,13.48,13.42,13.42,15.72
1756918800.0,13.42,13.53,13.42,13.53,1604.42
1756919700.0,13.53,13.57,13.49,13.5,202.46
1756920600.0,13.5,13.58,13.5,13.55,172.64
1756921500.0,13.55,13.6,13.52,13.52,69.82
1756922400.0,13.52,13.55,13.49,13.53,862.08
1756923300.0,13.53,13.54,13.48,13.53,144.64
1756924200.0,13.53,13.53,13.45,13.47,60.62
1756925100.0,13.47,13.58,13.47,13.56,566.64
1756926000.0,13.56,13.56,13.45,13.47,653.58
1756926900.0,13.47,13.47,13.41,13.43,714.54
1756927800.0,13.43,13.43,13.37,13.38,906.56
1756928700.0,13.38,13.4,13.35,13.4,81.8
1756929600.0,13.4,13.5,13.4,13.48,43.44
1756930500.0,13.48,13.49,13.42,13.47,263.88
1756931400.0,13.47,13.63,13.47,13.63,828.22
1756932300.0,13.63,13.66,13.59,13.64,1225.02
1756933200.0,13.64,13.67,13.55,13.55,763.04
1756934100.0,13.55,13.58,13.53,13.54,469.78
1756935000.0,13.54,13.54,13.47,13.51,1369.66
1756935900.0,13.51,13.6,13.49,13.57,1039.78
1756936800.0,13.57,13.62,13.57,13.6,252.54
1756937700.0,13.6,13.63,13.53,13.53,336.44
1756938600.0,13.53,13.54,13.49,13.5,16.78
1756939500.0,13.5,13.55,13.5,13.52,359.02
1756940400.0,13.52,13.52,13.45,13.45,90.86
1756941300.0,13.45,13.47,13.44,13.44,506.22
1756942200.0,13.44,13.54,13.44,13.52,1866.56
1756943100.0,13.52,13.61,13.52,13.54,183.58
1756944000.0,13.54,13.6,13.49,13.54,991.2
1756944900.0,13.54,13.62,13.48,13.62,1485.7
1756945800.0,13.62,13.76,13.6,13.62,4285.54
1756946700.0,13.62,13.65,13.59,13.61,1619.38
1756947600.0,13.61,13.62,13.49,13.51,1876.88
1756948500.0,13.51,13.53,13.48,13.52,269.58
1756949400.0,13.52,13.79,13.52,13.71,4862.4
1756950300.0,13.71,14.11,13.71,14.08,5725.6
1756951200.0,14.08,14.1,13.24,13.42,31557.0
1756952100.0,13.42,13.42,13.24,13.27,7631.48
1756953000.0,13.27,13.33,13.23,13.33,1794.16
1756953900.0,13.33,13.33,13.26,13.27,990.52
1756954800.0,13.27,13.28,13.14,13.19,2030.64
1756955700.0,13.19,13.26,13.16,13.17,752.4
1756956600.0,13.17,13.18,13.11,13.14,1722.68
1756957500.0,13.14,13.14,13.06,13.09,476.62
1756958400.0,13.09,13.12,12.94,12.96,5211.58
1756959300.0,12.96,12.97,12.93,12.93,3000.12
1756960200.0,12.93,12.97,12.86,12.94,709.26
1756961100.0,12.94,13.02,12.94,12.98,571.02
1756962000.0,12.98,12.98,12.77,12.77,1818.42
1756962900.0,12.77,12.85,12.69,12.76,2905.48
1756963800.0,12.76,12.77,12.72,12.72,272.1
1756964700.0,12.72,12.74,12.7,12.72,967.38
1756965600.0,12.72,12.8,12.69,12.79,891.98
1756966500.0,12.79,12.85,12.73,12.81,831.94
1756967400.0,12.81,12.81,12.74,12.75,165.5
1756968300.0,12.75,12.75,12.66,12.69,1484.74
1756969200.0,12.69,12.79,12.69,12.78,232.88
1756970100.0,12.78,12.8,12.76,12.78,181.28
1756971000.0,12.78,12.85,12.78,12.79,728.24
1756971900.0,12.79,12.89,12.79,12.89,648.32
1756972800.0,12.89,12.89,12.79,12.79,1268.24
1756973700.0,12.79,12.79,12.75,12.78,69.92
1756974600.0,12.78,12.78,12.69,12.7,1223.4
1756975500.0,12.7,12.7,12.6,12.62,909.6
1756976400.0,12.62,12.75,12.62,12.69,1390.54
1756977300.0,12.69,12.71,12.67,12.67,20.12
1756978200.0,12.67,12.76,12.64,12.68,3083.58
1756979100.0,12.68,12.71,12.67,12.71,1041.1
1756980000.0,12.71,12.71,12.67,12.7,326.96
1756980900.0,12.7,12.7,12.63,12.63,5856.88
1756981800.0,12.63,12.67,12.61,12.67,1356.9
1756982700.0,12.67,12.92,12.66,12.86,9616.54
1756983600.0,12.86,12.9,12.78,12.87,2085.64
1756984500.0,12.87,12.89,12.81,12.81,782.62
1756985400.0,12.81,12.82,12.76,12.8,321.44
1756986300.0,12.8,12.88,12.79,12.81,475.08
1756987200.0,12.81,12.87,12.8,12.83,109.72
1756988100.0,12.83,12.91,12.81,12.87,130.82
1756989000.0,12.87,12.87,12.81,12.84,303.36
1756989900.0,12.84,13.06,12.84,13.06,690.88
1756990800.0,13.06,13.06,12.88,12.88,1245.86
1756991700.0,12.88,12.92,12.87,12.88,39.92
1756992600.0,12.88,12.88,12.81,12.81,1436.64
1756993500.0,12.81,12.81,12.75,12.78,855.92
1756994400.0,12.78,12.81,12.71,12.71,552.46
1756995300.0,12.71,12.82,12.71,12.75,525.12
1756996200.0,12.75,12.8,12.75,12.77,876.52
1756997100.0,12.77,12.78,12.71,12.71,121.72
1756998000.0,12.71,12.74,12.65,12.67,567.74
1756998900.0,12.67,12.68,12.56,12.56,3866.66
1756999800.0,12.56,12.66,12.56,12.62,926.04
1757000700.0,12.62,12.65,12.56,12.56,428.12
1757001600.0,12.56,12.59,12.5,12.53,1050.84
1757002500.0,12.53,12.63,12.53,12.63,798.1
1757003400.0,12.63,12.66,12.6,12.64,467.32
1757004300.0,12.64,12.71,12.6,12.62,1167.18
1757005200.0,12.62,12.67,12.58,12.61,1121.84
1757006100.0,12.61,12.65,12.61,12.65,110.98
1757007000.0,12.65,12.65,12.63,12.65,26.52
1757007900.0,12.65,12.7,12.65,12.68,10.26
1757008800.0,12.68,12.7,12.68,12.69,93.06
1757009700.0,12.69,12.7,12.62,12.62,209.88
1757010600.0,12.62,12.65,12.57,12.63,251.86
1757011500.0,12.63,12.63,12.58,12.59,551.22
1757012400.0,12.59,12.6,12.58,12.6,16.26
1757013300.0,12.6,12.66,12.6,12.66,639.9
1757014200.0,12.66,12.66,12.62,12.63,370.46
1757015100.0,12.63,12.66,12.61,12.64,428.96
1757016000.0,12.64,12.77,12.63,12.77,127.92
1757016900.0,12.77,12.93,12.76,12.93,1095.46
1757017800.0,12.93,12.98,12.87,12.93,1357.68
1757018700.0,12.93,12.99,12.93,12.94,1883.66
1757019600.0,12.94,12.94,12.86,12.86,1323.64
1757020500.0,12.86,12.92,12.86,12.92,130.42
1757021400.0,12.92,13.06,12.91,13.01,478.18
1757022300.0,13.01,13.02,12.98,12.98,729.48
1757023200.0,12.98,13.0,12.95,12.97,1382.38
1757024100.0,12.97,13.03,12.97,12.99,832.8
1757025000.0,12.99,12.99,12.95,12.96,772.68
1757025900.0,12.96,13.03,12.93,13.01,1670.3
1757026800.0,13.01,13.01,12.95,12.95,893.9
1757027700.0,12.95,12.96,12.92,12.94,2075.86
1757028600.0,12.94,12.94,12.91,12.94,480.66
1757029500.0,12.94,13.17,12.93,13.1,2733.38
1757030400.0,13.1,13.11,12.99,13.11,2270.52
1757031300.0,13.11,13.11,13.01,13.03,1006.86
1757032200.0,13.03,13.08,13.03,13.03,258.94
1757033100.0,13.03,13.03,12.98,12.99,245.9
1757034000.0,12.99,13.07,12.96,13.06,323.16
1757034900.0,13.06,13.14,13.05,13.08,983.54
1757035800.0,13.08,13.13,13.08,13.13,26.7
1757036700.0,13.13,13.15,13.13,13.13,99.94
1757037600.0,13.13,13.28,13.1,13.28,3154.62
1757038500.0,13.28,13.44,13.17,13.44,4527.08
1757039400.0,13.44,13.83,13.21,13.21,12719.4
1757040300.0,13.21,13.27,13.06,13.12,1649.76
1757041200.0,13.12,13.17,13.07,13.16,719.2
1757042100.0,13.16,13.22,13.14,13.19,484.08
1757043000.0,13.19,13.34,13.16,13.34,573.54
1757043900.0,13.34,13.39,13.16,13.17,1016.5
1757044800.0,13.17,13.22,13.16,13.17,295.7
1757045700.0,13.17,13.17,13.09,13.13,1150.42
1757046600.0,13.13,13.17,13.1,13.11,133.86
1757047500.0,13.11,13.14,13.11,13.12,248.74
1757048400.0,13.12,13.18,13.08,13.17,685.72
1757049300.0,13.17,13.17,13.1,13.1,546.44
1757050200.0,13.1,13.1,13.04,13.04,511.16
1757051100.0,13.04,13.04,12.99,13.02,466.6
1757052000.0,13.02,13.04,12.98,12.98,986.06
1757052900.0,12.98,12.99,12.95,12.95,251.26
1757053800.0,12.95,13.03,12.95,13.03,41.24
1757054700.0,13.03,13.12,13.03,13.12,279.98
1757055600.0,13.12,13.36,13.11,13.31,3129.34
1757056500.0,13.31,13.63,13.31,13.63,5029.44
1757057400.0,13.63,13.76,13.55,13.61,5388.08
1757058300.0,13.61,13.61,13.47,13.49,3922.16
1757059200.0,13.49,13.51,13.36,13.41,1449.42
1757060100.0,13.41,13.41,13.32,13.32,31.78
1757061000.0,13.32,13.36,13.29,13.35,325.88
1757061900.0,13.35,13.5,13.34,13.43,1537.34
1757062800.0,13.43,13.52,13.39,13.44,859.22
1757063700.0,13.44,13.44,13.31,13.31,135.76
1757064600.0,13.31,13.4,13.3,13.33,1811.7
1757065500.0,13.33,13.43,13.33,13.4,1830.22
1757066400.0,13.4,13.49,13.4,13.42,679.74
1757067300.0,13.42,13.42,13.37,13.42,36.76
1757068200.0,13.42,13.46,13.36,13.36,565.12
1757069100.0,13.36,13.4,13.33,13.36,117.46
1757070000.0,13.36,13.44,13.36,13.42,247.56
1757070900.0,13.42,13.62,13.42,13.5,616.66
1757071800.0,13.5,13.5,13.34,13.35,489.0
1757072700.0,13.35,13.39,13.35,13.39,320.14
1757073600.0,13.39,13.39,13.32,13.32,315.06
1757074500.0,13.32,13.39,13.29,13.36,2443.32
1757075400.0,13.36,13.5,13.32,13.37,6394.12
1757076300.0,13.37,13.44,13.32,13.39,1295.0
1757077200.0,13.39,13.41,13.28,13.28,1085.4
1757078100.0,13.28,13.29,13.1,13.18,2561.9
1757079000.0,13.18,13.21,13.12,13.16,1424.82
1757079900.0,13.16,13.22,13.15,13.21,343.02
1757080800.0,13.21,13.22,13.15,13.15,270.92
1757081700.0,13.15,13.18,12.98,13.0,811.64
1757082600.0,13.0,13.02,12.94,12.98,1045.98
1757083500.0,12.98,12.98,12.89,12.89,802.16
1757084400.0,12.89,12.96,12.86,12.92,650.42
1757085300.0,12.92,12.96,12.92,12.93,304.66
1757086200.0,12.93,12.97,12.91,12.95,425.76
1757087100.0,12.95,12.95,12.91,12.92,22.16
1757088000.0,12.92,13.01,12.92,13.0,317.08
1757088900.0,13.0,13.06,12.99,13.05,945.82
1757089800.0,13.05,13.06,13.01,13.03,563.36
1757090700.0,13.03,13.06,13.03,13.06,294.36
1757091600.0,13.06,13.06,13.03,13.04,60.12
1757092500.0,13.04,13.05,13.02,13.05,72.52
1757093400.0,13.05,13.09,13.01,13.03,520.22
1757094300.0,13.03,13.04,13.0,13.0,763.96
1757095200.0,13.0,13.0,12.94,12.98,435.5
1757096100.0,12.98,12.98,12.93,12.96,30.58
1757097000.0,12.96,12.97,12.95,12.96,12.78
1757097900.0,12.96,12.98,12.96,12.97,283.38
1757098800.0,12.97,13.01,12.96,12.99,191.2
1757099700.0,12.99,13.01,12.98,13.0,435.34
1757100600.0,13.0,13.02,12.96,13.02,1118.3
1757101500.0,13.02,13.11,13.02,13.11,1596.12
1757102400.0,13.11,13.11,13.03,13.04,816.22
1757103300.0,13.04,13.04,13.03,13.03,33.58
1757104200.0,13.03,13.03,13.01,13.01,247.88
1757105100.0,13.01,13.01,13.0,13.01,9.68
1757106000.0,13.01,13.05,13.01,13.01,248.1
1757106900.0,13.01,13.05,12.98,13.04,1669.1
1757107800.0,13.04,13.04,13.0,13.0,29.98
1757108700.0,13.0,13.0,12.97,12.98,47.4
1757109600.0,12.98,12.98,12.94,12.95,259.44
1757110500.0,12.95,12.95,12.93,12.94,245.24
1757111400.0,12.94,12.95,12.93,12.95,84.8
1757112300.0,12.95,12.98,12.93,12.93,1052.78
1757113200.0,12.93,12.95,12.93,12.93,38.38
1757114100.0,12.93,12.95,12.93,12.95,169.84
1757115000.0,12.95,12.95,12.91,12.91,172.94
1757115900.0,12.91,12.91,12.83,12.85,1426.18
1757116800.0,12.85,12.85,12.83,12.83,345.84
1757117700.0,12.83,12.88,12.83,12.87,485.5
1757118600.0,12.87,12.98,12.87,12.98,179.44
1757119500.0,12.98,13.13,12.98,13.07,1037.48
1757120400.0,13.07,13.13,13.01,13.13,770.12
1757121300.0,13.13,13.19,13.11,13.12,485.12
1757122200.0,13.12,13.14,13.08,13.11,377.86
1757123100.0,13.11,13.18,13.11,13.18,140.58
1757124000.0,13.18,13.31,13.18,13.3,317.22
1757124900.0,13.3,13.36,13.26,13.36,2371.42
1757125800.0,13.36,13.53,13.36,13.42,2291.56
1757126700.0,13.42,13.98,13.39,13.91,13102.68
1757127600.0,13.91,14.38,13.88,14.01,18934.52
1757128500.0,14.01,14.55,14.01,14.41,8333.74
1757129400.0,14.41,14.68,14.3,14.56,7274.18
1757130300.0,14.56,14.81,14.56,14.72,6036.38
1757131200.0,14.72,15.2,14.55,15.14,39127.14
1757132100.0,15.14,15.51,15.07,15.5,9939.46
1757133000.0,15.5,15.87,14.9,15.23,21161.62
1757133900.0,15.23,15.4,15.02,15.22,6473.62
1757134800.0,15.22,15.29,14.9,15.29,6587.9
1757135700.0,15.29,15.35,15.03,15.04,8536.56
1757136600.0,15.04,15.67,15.04,15.64,14422.14
1757137500.0,15.64,15.85,15.51,15.66,15411.74
1757138400.0,15.66,16.06,15.54,15.6,22695.74
1757139300.0,15.6,15.6,15.22,15.43,14592.64
1757140200.0,15.43,15.45,15.3,15.37,3433.76
1757141100.0,15.37,15.61,15.33,15.49,1960.46
1757142000.0,15.49,15.51,15.27,15.31,4524.44
1757142900.0,15.31,15.83,15.31,15.82,3119.18
1757143800.0,15.82,15.96,15.68,15.81,4630.38
1757144700.0,15.81,16.11,15.68,15.68,8196.24
1757145600.0,15.68,15.76,15.45,15.64,5228.18
1757146500.0,15.64,16.11,15.53,16.02,5137.34
1757147400.0,16.02,16.27,15.98,16.25,11701.14
1757148300.0,16.25,16.46,16.1,16.36,7979.4
1757149200.0,16.36,17.31,16.36,17.02,32160.68
1757150100.0,17.02,17.27,16.78,16.89,4959.18
1757151000.0,16.89,17.14,16.84,17.01,5655.3
1757151900.0,17.01,17.02,16.58,16.62,10621.96
1757152800.0,16.62,16.62,16.04,16.39,14983.1
1757153700.0,16.39,16.55,16.28,16.45,2992.18
1757154600.0,16.45,16.73,16.42,16.56,4624.56
1757155500.0,16.56,16.89,16.56,16.73,5068.0
