time_of_day,coin,trades,expectancy,profit_factor,winrate,avg_win,avg_loss,gross_profit,gross_loss_abs
overnight_utc,0G/USDT,94,-1.0469764441507714,0.06203738689985112,0.0851063829787234,0.8136595867953336,-1.2200588656341302,6.5092766943626685,104.9250624445352
overnight_utc,AAVE/USDT,90,-1.1999841803617053,0.0020438808617263184,0.011111111111111112,0.22118830560006053,-1.215952410541051,0.22118830560006053,108.21976453815354
overnight_utc,ADA/USDT,86,-0.9651582728623589,0.004629423769806187,0.05813953488372093,0.07720921254404177,-1.0295019448010259,0.38604606272020886,83.38965752888309
overnight_utc,AIO/USDT,2,-0.5819361615887877,0.0,0.0,0.0,-0.5819361615887877,0.0,1.1638723231775754
overnight_utc,APR/USDT,1,-2.4510962030399477,0.0,0.0,0.0,-2.4510962030399477,0.0,2.4510962030399477
overnight_utc,ASTER/USDT,85,-0.904962270599121,0.0015579656893607346,0.011764705882352941,0.1200285145669906,-0.9171645418510985,0.1200285145669906,77.04182151549227
overnight_utc,AVAX/USDT,83,-1.0306717167087651,0.0,0.0,0.0,-1.0306717167087651,0.0,85.5457524868275
overnight_utc,B2/USDT,6,-1.1566784091052853,0.0,0.0,0.0,-1.1566784091052853,0.0,6.940070454631712
overnight_utc,BCH/USDT,53,-0.7365231739791189,0.0,0.0,0.0,-0.7365231739791189,0.0,39.035728220893304
overnight_utc,BERA/USDT,61,-0.8706888300292994,0.0,0.0,0.0,-0.8706888300292994,0.0,53.112018631787265
overnight_utc,BGB/USDT,43,-0.7493672447428328,0.0,0.0,0.0,-0.7493672447428328,0.0,32.22279152394181
overnight_utc,BNB/USDT,68,-1.2198456121735646,0.0,0.0,0.0,-1.2198456121735646,0.0,82.94950162780239
overnight_utc,BTC/USDT,69,-1.193627784854896,0.0,0.0,0.0,-1.193627784854896,0.0,82.36031715498783
overnight_utc,DOGE/USDT,56,-0.888269791986927,0.0,0.0,0.0,-0.888269791986927,0.0,49.743108351267914
overnight_utc,ETH/USDT,67,-1.1104237714952279,0.0,0.0,0.0,-1.1104237714952279,0.0,74.39839269018027
overnight_utc,GRASS/USDT,36,-0.5819518195938869,0.36483886688218736,0.19444444444444445,1.719129823762609,-1.1373853197144204,12.033908766338262,32.98417427171819
overnight_utc,H/USDT,71,-1.210825588648742,0.15179687572205824,0.09859154929577464,2.1978844901591708,-1.5836532535183574,15.385191431114196,101.35380822517487
overnight_utc,HBAR/USDT,110,-1.2195250507119253,0.0,0.0,0.0,-1.2195250507119253,0.0,134.14775557831177
overnight_utc,HOME/USDT,48,-1.3300897126808169,0.0628311608134873,0.0625,1.4267837706828654,-1.5138812782383957,4.280351312048596,68.12465752072781
overnight_utc,HYPE/USDT,2,-0.8485921996295128,0.0,0.0,0.0,-0.8485921996295128,0.0,1.6971843992590256
overnight_utc,KITE/USDT,75,-1.1019909934631027,0.21571813153232558,0.14666666666666667,2.0666222383544675,-1.6465963926817477,22.73284462189914,105.38216913163185
overnight_utc,LA/USDT,62,-0.9109462105457626,0.03051599914697853,0.04838709677419355,0.5925842658186978,-0.9873969127337862,1.7777527974560936,58.256417851293385
overnight_utc,LINK/USDT,77,-1.016120165144886,0.0,0.0,0.0,-1.016120165144886,0.0,78.24125271615621
overnight_utc,LPT/USDT,31,-0.8420501933091465,0.0848491242691193,0.12903225806451613,0.60505429350973,-1.0564360432082394,2.42021717403892,28.523773166622465
overnight_utc,LTC/USDT,59,-0.9795217134182324,0.0,0.0,0.0,-0.9795217134182324,0.0,57.79178109167571
overnight_utc,MON/USDT,62,-0.9297368047145839,0.002273114613473322,0.016129032258064516,0.1313292220576395,-0.9471313297436367,0.1313292220576395,57.77501111436184
overnight_utc,MOODENG/USDT,25,-1.5441040075908692,0.0,0.0,0.0,-1.5441040075908692,0.0,38.60260018977173
overnight_utc,MORPHO/USDT,68,-0.8863149816437208,0.010848251438150507,0.07352941176470588,0.13219767535183907,-0.9671493195005113,0.6609883767591954,60.93040712853221
overnight_utc,MYX/USDT,14,-0.5976681418161125,0.2737802551653817,0.14285714285714285,1.5772197915870314,-0.9601494640499699,3.154439583174063,11.521793568599639
overnight_utc,PAXG/USDT,13,-0.5486044785434608,0.0,0.0,0.0,-0.5486044785434608,0.0,7.1318582210649915
overnight_utc,PENGU/USDT,63,-1.4353780854192961,0.00025878352500803147,0.015873015873015872,0.023407546129136425,-1.4589068859281418,0.023407546129136425,90.45222692754479
overnight_utc,PEPE/USDT,50,-0.9566321052360793,0.0,0.0,0.0,-0.9566321052360793,0.0,47.831605261803965
overnight_utc,PI/USDT,65,-0.5749120798411833,0.34851059337259543,0.2,1.5377299158228215,-1.1030725787571845,19.99048890569668,57.359774095373595
overnight_utc,RECALL/USDT,10,-0.5969566831074218,0.30759801603663983,0.2,1.325983284540768,-1.0776916750194694,2.651966569081536,8.621533400155755
overnight_utc,RIVER/USDT,44,-1.574676572919944,0.05124537948309841,0.09090909090909091,0.9355884701600654,-1.8257030772279446,3.7423538806402616,73.02812308911778
overnight_utc,SOL/USDT,59,-1.1391382892419757,0.0,0.0,0.0,-1.1391382892419757,0.0,67.20915906527657
overnight_utc,SONIC/USDT,6,-1.0315404587187609,0.02614655438369762,0.16666666666666666,0.16617220275360273,-1.2710829910132335,0.16617220275360273,6.355414955066168
overnight_utc,STO/USDT,6,-0.3871414211469158,0.3416070623304235,0.16666666666666666,1.2052095581632265,-0.7056116170089443,1.2052095581632265,3.528058085044721
overnight_utc,SUI/USDT,110,-1.015172973727856,0.0,0.0,0.0,-1.015172973727856,0.0,111.66902711006418
overnight_utc,TAO/USDT,6,-0.9706420170973118,0.0,0.0,0.0,-0.9706420170973118,0.0,5.823852102583871
overnight_utc,TRX/USDT,64,-0.7207298327029522,0.0,0.0,0.0,-0.7207298327029522,0.0,46.12670929298894
overnight_utc,UNI/USDT,103,-1.0550989351626578,0.0,0.0,0.0,-1.0550989351626578,0.0,108.67519032175376
overnight_utc,VELVET/USDT,2,1.1000689064039493,4.015370163982218,0.5,2.9297788496159,-0.7296410368080014,2.9297788496159,0.7296410368080014
overnight_utc,WLD/USDT,64,-1.2703821537640574,0.010795229161533719,0.015625,0.8872786303919824,-1.3046307376395505,0.8872786303919824,82.19173647129168
overnight_utc,XAUT/USDT,42,-1.0056787407218304,0.0,0.0,0.0,-1.0056787407218304,0.0,42.238507110316874
overnight_utc,XLM/USDT,78,-1.1870169379706899,0.0,0.0,0.0,-1.1870169379706899,0.0,92.5873211617138
overnight_utc,XRP/USDT,57,-0.9519175882935484,0.0,0.0,0.0,-0.9519175882935484,0.0,54.259302532732264
overnight_utc,ZEC/USDT,103,-0.6943634003224616,0.029209580536865086,0.038834951456310676,0.537977228520405,-0.7441549408817694,2.15190891408162,73.67133914729517
overnight_utc,ZRO/USDT,28,-0.7469952128602443,0.042759274589357986,0.07142857142857142,0.4671485615480356,-0.8403908878147275,0.9342971230960712,21.850163083182913
morning_utc,0G/USDT,13,-1.5479387402109404,0.022358427468974693,0.07692307692307693,0.46021282368105565,-1.7152847038686065,0.46021282368105565,20.58341644642328
morning_utc,AAVE/USDT,20,-1.4417299033359166,0.0,0.0,0.0,-1.4417299033359166,0.0,28.834598066718332
morning_utc,ADA/USDT,24,-1.4664804298299317,0.0,0.0,0.0,-1.4664804298299317,0.0,35.19553031591836
morning_utc,AVAX/USDT,16,-1.2219691002199264,0.0,0.0,0.0,-1.2219691002199264,0.0,19.551505603518823
morning_utc,B2/USDT,4,-0.9871494607199152,0.0,0.0,0.0,-0.9871494607199152,0.0,3.9485978428796606
morning_utc,BCH/USDT,7,-1.7739359464799536,0.0,0.0,0.0,-1.7739359464799536,0.0,12.417551625359675
morning_utc,BERA/USDT,12,-1.6441513106846408,0.0,0.0,0.0,-1.6441513106846408,0.0,19.72981572821569
morning_utc,BGB/USDT,14,-1.2507681105805317,0.0,0.0,0.0,-1.2507681105805317,0.0,17.510753548127443
morning_utc,BNB/USDT,8,-1.3330206079199471,0.0,0.0,0.0,-1.3330206079199471,0.0,10.664164863359577
morning_utc,BTC/USDT,24,-1.0404393833560561,0.0,0.0,0.0,-1.0404393833560561,0.0,24.97054520054535
morning_utc,DOGE/USDT,31,-1.3099394775875195,0.0,0.0,0.0,-1.3099394775875195,0.0,40.608123805213104
morning_utc,ETH/USDT,16,-0.9789971773374344,0.0,0.0,0.0,-0.9789971773374344,0.0,15.66395483739895
morning_utc,GRASS/USDT,4,-1.4369723603719504,0.11871003576197306,0.25,0.774242518175997,-2.1740439865545995,0.774242518175997,6.522131959663799
morning_utc,H/USDT,22,-2.0324777998670984,0.25283129694345363,0.2727272727272727,2.521792805523484,-3.7403292768885668,15.130756833140904,59.84526843021707
morning_utc,HBAR/USDT,17,-1.2753231204703033,0.0,0.0,0.0,-1.2753231204703033,0.0,21.680493047995157
morning_utc,HOME/USDT,23,-2.2606636716937065,0.19945034300937942,0.21739130434782608,2.5908382418628695,-3.608303092126088,12.954191209314347,64.94945565826959
morning_utc,HYPE/USDT,35,-1.2213987090327918,0.0,0.0,0.0,-1.2213987090327918,0.0,42.748954816147716
morning_utc,KITE/USDT,68,-2.0612212055285584,0.21431300963912617,0.22058823529411764,2.548832103587223,-3.3659532741462326,38.23248155380834,178.39552352975034
morning_utc,LINK/USDT,16,-0.9427592800499727,0.0,0.0,0.0,-0.9427592800499727,0.0,15.084148480799563
morning_utc,LPT/USDT,27,-1.017503978569711,0.042264356711657965,0.07407407407407407,0.6061756644401443,-1.1473983500104996,1.2123513288802885,28.684958750262492
morning_utc,LTC/USDT,38,-1.3856557639704674,0.0,0.0,0.0,-1.3856557639704674,0.0,52.654919030877764
morning_utc,MOODENG/USDT,2,-2.496678353266385,0.0,0.0,0.0,-2.496678353266385,0.0,4.99335670653277
morning_utc,MORPHO/USDT,47,-1.230929570547927,0.0005960422920505974,0.02127659574468085,0.034503811612323354,-1.2584389918992367,0.034503811612323354,57.888193627364885
morning_utc,MYX/USDT,5,-2.493278459166327,0.0734760677219755,0.4,0.4943107526241307,-4.485004600359965,0.9886215052482614,13.455013801079895
morning_utc,PAXG/USDT,12,-0.9705263898840187,0.0,0.0,0.0,-0.9705263898840187,0.0,11.646316678608224
morning_utc,PEPE/USDT,11,-1.075383863332108,0.0,0.0,0.0,-1.075383863332108,0.0,11.829222496653188
morning_utc,PI/USDT,21,-1.3946213380197503,0.010144003449024885,0.09523809523809523,0.15006623082410034,-1.5572200294769978,0.3001324616482007,29.587180560062958
morning_utc,RECALL/USDT,1,-1.025972564166329,0.0,0.0,0.0,-1.025972564166329,0.0,1.025972564166329
morning_utc,SOL/USDT,8,-1.3164308071559783,0.0,0.0,0.0,-1.3164308071559783,0.0,10.531446457247826
morning_utc,SONIC/USDT,4,-2.2455204649921234,0.0,0.0,0.0,-2.2455204649921234,0.0,8.982081859968494
morning_utc,STO/USDT,10,-1.6301911159301128,0.0,0.0,0.0,-1.6301911159301128,0.0,16.301911159301127
morning_utc,SUI/USDT,32,-1.2229138143317,0.003831747071356956,0.03125,0.1505254611457083,-1.267218307089036,0.1505254611457083,39.28376751976011
morning_utc,TAO/USDT,14,-1.7946355342027651,0.0,0.0,0.0,-1.7946355342027651,0.0,25.12489747883871
morning_utc,TRX/USDT,20,-1.969779738221288,0.0,0.0,0.0,-1.969779738221288,0.0,39.39559476442576
morning_utc,UNI/USDT,16,-1.2054836159349178,0.0,0.0,0.0,-1.2054836159349178,0.0,19.287737854958685
morning_utc,VELVET/USDT,1,-1.6151583942400025,0.0,0.0,0.0,-1.6151583942400025,0.0,1.6151583942400025
morning_utc,WLD/USDT,17,-1.1778877866521538,0.0,0.0,0.0,-1.1778877866521538,0.0,20.024092373086614
morning_utc,XAUT/USDT,29,-1.3064723143778436,0.0,0.0,0.0,-1.3064723143778436,0.0,37.88769711695746
morning_utc,XLM/USDT,29,-1.0279254536779094,0.0,0.0,0.0,-1.0279254536779094,0.0,29.809838156659374
morning_utc,XRP/USDT,32,-1.191126089750401,0.0,0.0,0.0,-1.191126089750401,0.0,38.11603487201283
morning_utc,ZRO/USDT,41,-0.9266615033936407,0.08466057636555187,0.1951219512195122,0.4392522998633302,-1.2577921223650277,3.5140183989066416,41.50714003804591
afternoon_utc,0G/USDT,38,-0.35681589619829684,0.018703336110152215,0.02631578947368421,0.25843215360004546,-0.3734442218685223,0.25843215360004546,13.817436209135325
afternoon_utc,ADA/USDT,59,-0.3008120812356473,0.015248707470530547,0.01694915254237288,0.2748234325200123,-0.31073683147281383,0.2748234325200123,18.022736225423202
afternoon_utc,ALCH/USDT,14,-0.35636717156540526,0.0,0.0,0.0,-0.35636717156540526,0.0,4.989140401915674
afternoon_utc,ASTER/USDT,47,-0.3657046957684936,0.0,0.0,0.0,-0.3657046957684936,0.0,17.1881207011192
afternoon_utc,AVAX/USDT,7,-0.38834613091426184,0.0,0.0,0.0,-0.38834613091426184,0.0,2.718422916399833
afternoon_utc,BCH/USDT,10,-0.26690999148478917,0.0,0.0,0.0,-0.26690999148478917,0.0,2.6690999148478918
afternoon_utc,BERA/USDT,20,-0.26753818825641773,0.3244964047816709,0.2,0.6425959894628684,-0.4950717326862394,2.5703839578514738,7.92114772297983
afternoon_utc,BGB/USDT,25,-0.23992909770111248,0.0,0.0,0.0,-0.23992909770111248,0.0,5.998227442527812
afternoon_utc,BNB/USDT,71,-0.40489041454420954,0.0,0.0,0.0,-0.40489041454420954,0.0,28.74721943263888
afternoon_utc,DOGE/USDT,53,-0.3151519628170415,0.0,0.0,0.0,-0.3151519628170415,0.0,16.7030540293032
afternoon_utc,ETH/USDT,23,-0.38343790806259664,0.0,0.0,0.0,-0.38343790806259664,0.0,8.819071885439723
afternoon_utc,FF/USDT,5,-0.3253886827659083,0.0,0.0,0.0,-0.3253886827659083,0.0,1.6269434138295416
afternoon_utc,GRASS/USDT,32,-0.2712830155512334,0.02000074132128416,0.0625,0.08858555956401108,-0.2952742538922498,0.17717111912802216,8.858227616767495
afternoon_utc,H/USDT,41,-0.33043103754800573,0.14479177480937566,0.14634146341463414,0.3822834201359972,-0.45261065886526347,2.293700520815983,15.841373060284221
afternoon_utc,HBAR/USDT,47,-0.4415289256108767,0.0,0.0,0.0,-0.4415289256108767,0.0,20.751859503711206
afternoon_utc,HYPE/USDT,28,-0.28011772510372934,0.0,0.0,0.0,-0.28011772510372934,0.0,7.843296302904422
afternoon_utc,KITE/USDT,34,-0.41025480689184196,0.19307250765421508,0.11764705882352941,0.834369708937639,-0.5762047423357728,3.337478835750556,17.286142270073185
afternoon_utc,LA/USDT,3,-0.7729711647866718,0.0,0.0,0.0,-0.7729711647866718,0.0,2.3189134943600154
afternoon_utc,LINK/USDT,35,-0.3764483409828369,0.0,0.0,0.0,-0.3764483409828369,0.0,13.175691934399293
afternoon_utc,LPT/USDT,69,-0.4371774227908118,0.010242800886462448,0.043478260869565216,0.10405803549336619,-0.46177903453100166,0.3121741064800986,30.47741627904611
afternoon_utc,LTC/USDT,31,-0.3175742067045042,0.0,0.0,0.0,-0.3175742067045042,0.0,9.84480040783963
afternoon_utc,MON/USDT,10,-0.254999142408753,0.1139646136199804,0.1,0.32798778902918124,-0.31977546812407903,0.32798778902918124,2.8779792131167112
afternoon_utc,MOODENG/USDT,56,-0.31219423819051556,0.09287913272089615,0.08928571428571429,0.35801061209228313,-0.37790059606137805,1.7900530604614155,19.27293039913028
afternoon_utc,MORPHO/USDT,41,-0.36667374316661727,0.049377818323332004,0.024390243902439025,0.7808859741999961,-0.39536273610078265,0.7808859741999961,15.814509444031305
afternoon_utc,MYX/USDT,13,-0.21057521095568618,0.4093184956569795,0.23076923076923078,0.632320612256001,-0.46344395791919235,1.896961836768003,4.634439579191923
afternoon_utc,PENGU/USDT,64,-0.3787894964726532,0.0,0.0,0.0,-0.3787894964726532,0.0,24.242527774249805
afternoon_utc,PEPE/USDT,92,-0.4446999301202904,0.0,0.0,0.0,-0.4446999301202904,0.0,40.912393571066715
afternoon_utc,SOL/USDT,69,-0.4022179429503525,0.0,0.0,0.0,-0.4022179429503525,0.0,27.753038063574323
afternoon_utc,SONIC/USDT,36,-0.45684857292379394,0.0,0.0,0.0,-0.45684857292379394,0.0,16.446548625256582
afternoon_utc,STO/USDT,1,-0.9930016930039613,0.0,0.0,0.0,-0.9930016930039613,0.0,0.9930016930039613
afternoon_utc,SUI/USDT,38,-0.33947733227321336,0.0,0.0,0.0,-0.33947733227321336,0.0,12.900138626382107
afternoon_utc,TAO/USDT,92,-0.39904685771562515,0.07428369700987943,0.043478260869565216,0.7364908048367722,-0.4506622060134614,2.945963219347089,39.658274129184605
afternoon_utc,TRX/USDT,45,-0.3381278289282875,0.0,0.0,0.0,-0.3381278289282875,0.0,15.215752301772937
afternoon_utc,UNI/USDT,42,-0.39141270537903333,0.0,0.0,0.0,-0.39141270537903333,0.0,16.4393336259194
afternoon_utc,WLD/USDT,87,-0.4169725107148608,0.008470374405736307,0.022988505747126436,0.1549507183947234,-0.43042952787038047,0.3099014367894468,36.58650986898234
afternoon_utc,XAUT/USDT,22,-0.7510453935999704,0.0,0.0,0.0,-0.7510453935999704,0.0,16.52299865919935
afternoon_utc,XLM/USDT,76,-0.36264603284257935,0.0,0.0,0.0,-0.36264603284257935,0.0,27.56109849603603
afternoon_utc,XRP/USDT,49,-0.3341168628417758,0.0,0.0,0.0,-0.3341168628417758,0.0,16.371726279247014
afternoon_utc,ZEC/USDT,45,-0.46911818427180507,0.0,0.0,0.0,-0.46911818427180507,0.0,21.110318292231227
afternoon_utc,ZRO/USDT,9,-0.3881345161662092,0.0,0.0,0.0,-0.3881345161662092,0.0,3.493210645495883
evening_utc,0G/USDT,14,-0.4922473467771252,0.0,0.0,0.0,-0.4922473467771252,0.0,6.891462854879753
evening_utc,AAVE/USDT,89,-0.7063103320314194,0.0,0.0,0.0,-0.7063103320314194,0.0,62.86161955079632
evening_utc,ADA/USDT,45,-0.6677384742511646,0.0,0.0,0.0,-0.6677384742511646,0.0,30.048231341302408
evening_utc,AIO/USDT,1,-1.3367846289503682,0.0,0.0,0.0,-1.3367846289503682,0.0,1.3367846289503682
evening_utc,ALCH/USDT,22,-0.46747669928057844,0.0,0.0,0.0,-0.46747669928057844,0.0,10.284487384172726
evening_utc,APR/USDT,1,-0.33459578885920477,0.0,0.0,0.0,-0.33459578885920477,0.0,0.33459578885920477
evening_utc,ASTER/USDT,66,-0.5132976513596319,0.0,0.0,0.0,-0.5132976513596319,0.0,33.87764498973571
evening_utc,AVAX/USDT,92,-0.634283114111092,0.0,0.0,0.0,-0.634283114111092,0.0,58.35404649822046
evening_utc,B2/USDT,1,-1.635533569199993,0.0,0.0,0.0,-1.635533569199993,0.0,1.635533569199993
evening_utc,BCH/USDT,58,-0.4698109302912875,0.0,0.0,0.0,-0.4698109302912875,0.0,27.249033956894674
evening_utc,BGB/USDT,34,-0.397920340999039,0.0,0.0,0.0,-0.397920340999039,0.0,13.529291593967326
evening_utc,BNB/USDT,98,-0.613281457641109,0.0,0.0,0.0,-0.613281457641109,0.0,60.101582848828684
evening_utc,BTC/USDT,104,-0.6330341057711011,0.0,0.0,0.0,-0.6330341057711011,0.0,65.83554700019451
evening_utc,DOGE/USDT,35,-0.5121696402811152,0.0,0.0,0.0,-0.5121696402811152,0.0,17.925937409839033
evening_utc,ETH/USDT,77,-0.5266698245870842,0.010480417991250358,0.012987012987012988,0.42951998163203625,-0.5392512694057569,0.42951998163203625,40.98309647483752
evening_utc,FF/USDT,6,-0.22915987859653883,0.7420716898795044,0.16666666666666666,3.9558214827198888,-1.0661561508598243,3.9558214827198888,5.330780754299122
evening_utc,GRASS/USDT,50,-0.4550524345247509,0.03242220368680156,0.06,0.2541363732637904,-0.5003198052346579,0.7624091197913712,23.51503084602892
evening_utc,H/USDT,93,-0.6443366226444543,0.05243365446743321,0.043010752688172046,0.8289651514195925,-0.7105524327147485,3.31586060567837,63.239166511612616
evening_utc,HBAR/USDT,65,-0.6607686587209594,0.0,0.0,0.0,-0.6607686587209594,0.0,42.94996281686236
evening_utc,HOME/USDT,45,-0.7923944488216839,0.17243072143218627,0.13333333333333333,1.238263218630219,-1.1048033207373613,7.429579311781314,43.087329508757094
evening_utc,HYPE/USDT,100,-0.4133972123823866,0.0045997512635994825,0.02,0.09551556534360196,-0.42378318743801896,0.19103113068720393,41.53075236892586
evening_utc,KITE/USDT,2,-0.5157150699383278,0.0,0.0,0.0,-0.5157150699383278,0.0,1.0314301398766557
evening_utc,LA/USDT,1,-0.27665639999999553,0.0,0.0,0.0,-0.27665639999999553,0.0,0.27665639999999553
evening_utc,LINK/USDT,109,-0.5586250703045562,0.0,0.0,0.0,-0.5586250703045562,0.0,60.890132663196624
evening_utc,LPT/USDT,12,-0.4097040734306295,0.0,0.0,0.0,-0.4097040734306295,0.0,4.916448881167554
evening_utc,LTC/USDT,93,-0.5530136082537401,0.0,0.0,0.0,-0.5530136082537401,0.0,51.43026556759783
evening_utc,MON/USDT,31,-0.44562797100527607,0.10460471307359034,0.0967741935483871,0.5379591890795576,-0.5510123095857941,1.613877567238673,15.428344668402232
evening_utc,MOODENG/USDT,69,-0.7145666894429616,0.09944700463341226,0.057971014492753624,1.3611760467362224,-0.8423047039770652,5.44470418694489,54.74980575850924
evening_utc,MORPHO/USDT,13,-0.5373033123322852,0.0,0.0,0.0,-0.5373033123322852,0.0,6.984943060319709
evening_utc,MYX/USDT,16,-0.4700395823954685,0.07094443869389713,0.125,0.2871448875680178,-0.5782087923902522,0.5742897751360356,8.094923093463532
evening_utc,PENGU/USDT,106,-0.7075019711866849,0.0038352669532297273,0.009433962264150943,0.2887340185599978,-0.7169899329937962,0.2887340185599978,75.2839429643486
evening_utc,PEPE/USDT,73,-0.4692045879556397,0.0,0.0,0.0,-0.4692045879556397,0.0,34.2519349207617
evening_utc,PI/USDT,38,-0.8073785620630423,0.042479914443310486,0.13157894736842105,0.2722240848566053,-0.9709547206872313,1.3611204242830266,32.041505782678634
evening_utc,RECALL/USDT,6,-1.2225594847745418,0.0,0.0,0.0,-1.2225594847745418,0.0,7.335356908647251
evening_utc,RIVER/USDT,16,-0.3646383062154669,0.5536812655443337,0.25,1.8094100315780182,-1.089321085479962,7.237640126312073,13.071853025759545
evening_utc,SOL/USDT,84,-0.6675090829725951,0.0,0.0,0.0,-0.6675090829725951,0.0,56.070762969697995
evening_utc,SONIC/USDT,16,-0.6704506920878313,0.06531517772221213,0.125,0.37480532529441035,-0.8197729802852941,0.7496106505888207,11.476821723994117
evening_utc,STO/USDT,2,-1.5512643132831767,0.0,0.0,0.0,-1.5512643132831767,0.0,3.1025286265663534
evening_utc,SUI/USDT,67,-0.5848905169413603,0.0,0.0,0.0,-0.5848905169413603,0.0,39.18766463507114
evening_utc,TAO/USDT,71,-0.541862052605189,0.06961043458799157,0.09859154929577464,0.41120516460893647,-0.6461037794879838,2.8784361522625552,41.350641887230964
evening_utc,TRX/USDT,80,-0.6776737661130701,0.0,0.0,0.0,-0.6776737661130701,0.0,54.2139012890456
evening_utc,UNI/USDT,100,-0.6091707200911696,0.0,0.0,0.0,-0.6091707200911696,0.0,60.91707200911696
evening_utc,USDC/USDT,17,-0.4160300665036272,0.0,0.0,0.0,-0.4160300665036272,0.0,7.072511130561663
evening_utc,VELVET/USDT,9,-0.6412421697034243,0.0,0.0,0.0,-0.6412421697034243,0.0,5.771179527330819
evening_utc,WLD/USDT,121,-0.7207977530154387,0.0007420726677159727,0.008264462809917356,0.064769065040005,-0.7273441431659008,0.064769065040005,87.2812971799081
evening_utc,XAUT/USDT,3,-0.8525905771732979,0.0,0.0,0.0,-0.8525905771732979,0.0,2.557771731519894
evening_utc,XLM/USDT,76,-0.6479175921898344,0.0,0.0,0.0,-0.6479175921898344,0.0,49.241737006427414
evening_utc,XRP/USDT,61,-0.48588241881598276,0.0,0.0,0.0,-0.48588241881598276,0.0,29.638827547774948
evening_utc,ZEC/USDT,108,-0.6646743370781333,0.27832101958959726,0.046296296296296294,5.536873644629595,-0.9657203556076348,27.684368223147974,99.46919662758638
evening_utc,ZRO/USDT,3,-1.1750655003999828,0.0,0.0,0.0,-1.1750655003999828,0.0,3.5251965011999484
