coin,hour_of_day,expectancy,profit_factor,winrate,trade_count
FF/USDT,21,3.9558214827198888,inf,1.0,1
H/USDT,7,3.285914159438641,inf,1.0,1
VELVET/USDT,4,2.9297788496159,inf,1.0,1
APR/USDT,12,2.91991671957892,3.591097398985442,0.5,2
MYX/USDT,3,1.2811399711440445,inf,1.0,1
GRASS/USDT,2,1.0815535232876012,6.499775120166613,0.42857142857142855,7
KITE/USDT,2,0.5809048470058518,1.8553273553739094,0.5714285714285714,7
KITE/USDT,16,0.39799377854822293,6.878248420968077,0.25,4
MYX/USDT,2,0.39544242913500627,1.7306671084468315,0.5,2
KITE/USDT,0,0.3156637222132048,1.6782910593477918,0.25,8
GRASS/USDT,0,0.2242001827706252,5.086523407848199,0.25,4
STO/USDT,2,0.13894897323526112,1.2996812969517877,0.5,2
MYX/USDT,11,0.10137838888017825,inf,1.0,1
ZEC/USDT,22,0.09935993059782441,1.097534012441415,0.18181818181818182,22
MON/USDT,22,0.07001826763226005,1.220097994502062,0.25,4
MYX/USDT,14,0.03597577168801225,1.1136149082138556,0.25,4
H/USDT,11,-0.03823443390554817,0.9511230025315235,0.42857142857142855,7
HOME/USDT,22,-0.1002901743786055,0.867822931895342,0.3333333333333333,3
HBAR/USDT,17,-0.12070747218885114,0.0,0.0,1
BERA/USDT,13,-0.12074279318920315,0.0,0.0,4
LA/USDT,1,-0.13583899900794838,0.0,0.0,1
H/USDT,17,-0.13920279424812276,0.2717363598201602,0.16666666666666666,6
H/USDT,23,-0.13991632327917125,0.0,0.0,1
TAO/USDT,0,-0.14183004512159425,0.0,0.0,1
MYX/USDT,13,-0.15548557551085138,0.30889660101727345,0.2857142857142857,7
BCH/USDT,15,-0.16984879313598844,0.0,0.0,2
XRP/USDT,17,-0.17904779659198886,0.0,0.0,1
LA/USDT,13,-0.18915117062398762,0.0,0.0,1
RIVER/USDT,21,-0.18928455102450154,0.7182401432058387,0.26666666666666666,15
GRASS/USDT,15,-0.19791565648585363,0.02999254721837321,0.06666666666666667,15
BGB/USDT,14,-0.20402097993099583,0.0,0.0,8
0G/USDT,14,-0.2049342197475527,0.0,0.0,9
XAUT/USDT,16,-0.20594799999999575,0.0,0.0,2
ADA/USDT,15,-0.20723769686538182,0.05451450073696197,0.043478260869565216,23
MON/USDT,16,-0.20762220064427547,0.1841238623858588,0.14285714285714285,7
0G/USDT,13,-0.2118866178299807,0.0,0.0,4
HYPE/USDT,13,-0.21270377933126197,0.0,0.0,11
PI/USDT,2,-0.2137257150602335,0.7454675204403637,0.3333333333333333,15
TAO/USDT,13,-0.2178416272531458,0.0,0.0,11
SONIC/USDT,21,-0.2179464162407907,0.06141622284545801,0.5,2
FF/USDT,14,-0.21828510622560998,0.0,0.0,1
FF/USDT,13,-0.22472742778798815,0.0,0.0,2
KITE/USDT,14,-0.2252406473368456,0.3242068019810661,0.15384615384615385,13
LTC/USDT,15,-0.232290674965321,0.0,0.0,15
MOODENG/USDT,14,-0.23265965584192874,0.027467092908258432,0.0625,16
LINK/USDT,17,-0.24644770362663895,0.0,0.0,3
DOGE/USDT,16,-0.2513859812642131,0.0,0.0,7
USDC/USDT,19,-0.2543921568155783,0.0,0.0,2
BGB/USDT,15,-0.25682703547528496,0.0,0.0,17
BCH/USDT,18,-0.25924841588798353,0.0,0.0,3
TRX/USDT,15,-0.2595729204215169,0.0,0.0,12
PENGU/USDT,18,-0.26330794072533376,0.0,0.0,19
XLM/USDT,15,-0.2669220035963144,0.0,0.0,22
SOL/USDT,15,-0.27538449542835264,0.0,0.0,22
LA/USDT,19,-0.27665639999999553,0.0,0.0,1
0G/USDT,15,-0.27705038898219364,0.0939109345561291,0.1111111111111111,9
GRASS/USDT,14,-0.27959218838698263,0.0,0.0,8
AVAX/USDT,17,-0.27959681881598286,0.0,0.0,2
H/USDT,15,-0.2875468561233144,0.18348478841832633,0.23076923076923078,13
XRP/USDT,15,-0.28843031868797875,0.0,0.0,16
BERA/USDT,14,-0.2899468772147432,0.3714649320450144,0.26666666666666666,15
BCH/USDT,14,-0.29117529107198936,0.0,0.0,8
MOODENG/USDT,15,-0.2931025554088511,0.16342075713222398,0.11764705882352941,17
H/USDT,18,-0.2965982208656304,0.1410829401418138,0.08333333333333333,12
XRP/USDT,13,-0.29824661053798945,0.0,0.0,4
HYPE/USDT,14,-0.29976375182743087,0.0,0.0,13
ASTER/USDT,13,-0.30018564176299567,0.0,0.0,8
ALCH/USDT,16,-0.3010849656674296,0.0,0.0,3
DOGE/USDT,15,-0.30494001589497066,0.0,0.0,22
MORPHO/USDT,15,-0.3060398501279816,0.0,0.0,10
HYPE/USDT,18,-0.30682646004607,0.0,0.0,20
SUI/USDT,16,-0.3069791862486722,0.0,0.0,14
MOODENG/USDT,16,-0.3093304706246636,0.14112274210537037,0.14285714285714285,14
XLM/USDT,18,-0.3111851141961444,0.0,0.0,5
LPT/USDT,10,-0.313919630503951,0.6475857266325283,0.5,2
MOODENG/USDT,22,-0.3179615701847826,0.20433456248482462,0.25,4
TAO/USDT,20,-0.31837830536642914,0.1502533620179845,0.15384615384615385,13
TAO/USDT,14,-0.3190621861465772,0.058779350551977944,0.07692307692307693,13
UNI/USDT,17,-0.32082082633332293,0.0,0.0,6
RECALL/USDT,5,-0.3223921257022828,0.0,0.0,1
BNB/USDT,17,-0.32304901934980496,0.0,0.0,22
TAO/USDT,15,-0.3297425242390124,0.09565905129327455,0.038461538461538464,26
MYX/USDT,20,-0.33236663153233775,0.05326073841053835,0.09090909090909091,11
ADA/USDT,16,-0.3329084175799886,0.0,0.0,16
ALCH/USDT,18,-0.33300393279476975,0.0,0.0,8
APR/USDT,20,-0.33459578885920477,0.0,0.0,1
TRX/USDT,16,-0.3355505753470029,0.0,0.0,22
TAO/USDT,22,-0.3362296364934154,0.2196326302423293,0.18181818181818182,22
MORPHO/USDT,16,-0.33966489057884036,0.0,0.0,14
BNB/USDT,15,-0.340939271510849,0.0,0.0,7
MON/USDT,19,-0.34103712417625776,0.0,0.0,3
GRASS/USDT,18,-0.3420325091623759,0.06504996211078033,0.1,20
DOGE/USDT,14,-0.34311132544851475,0.0,0.0,24
XRP/USDT,14,-0.34316031085720977,0.0,0.0,13
MOODENG/USDT,13,-0.34436895262907635,0.0,0.0,3
WLD/USDT,14,-0.3443763868681416,0.0,0.0,25
ZRO/USDT,1,-0.3449051451666553,0.006017857140986555,0.16666666666666666,6
SUI/USDT,15,-0.3469168171398825,0.0,0.0,7
PEPE/USDT,19,-0.35041057155545735,0.0,0.0,22
LTC/USDT,14,-0.35324198415997826,0.0,0.0,3
ASTER/USDT,14,-0.3539196477493227,0.0,0.0,12
XLM/USDT,14,-0.3561487954334642,0.0,0.0,21
HYPE/USDT,20,-0.3580100039295349,0.0,0.0,18
ALCH/USDT,17,-0.36141575149308797,0.0,0.0,5
WLD/USDT,13,-0.36185646501918506,0.0,0.0,10
SUI/USDT,14,-0.36317719405420684,0.0,0.0,17
BGB/USDT,18,-0.36348693032227186,0.0,0.0,21
LPT/USDT,17,-0.364499648386259,0.0,0.0,7
MON/USDT,17,-0.3655453398592005,0.0,0.0,3
PENGU/USDT,14,-0.36648773964601916,0.0,0.0,24
AVAX/USDT,16,-0.36683660146396735,0.0,0.0,4
PENGU/USDT,15,-0.3733484238190679,0.0,0.0,20
TRX/USDT,20,-0.3738706116121765,0.0,0.0,8
ZEC/USDT,15,-0.3748817327326296,0.0,0.0,15
WLD/USDT,15,-0.37568208327900887,0.03614050007425938,0.09090909090909091,22
PENGU/USDT,16,-0.3767459720370641,0.0,0.0,18
ETH/USDT,16,-0.37834984361198687,0.0,0.0,16
TAO/USDT,16,-0.3790992818700494,0.005346116162200273,0.05,20
ETH/USDT,14,-0.3797080150719887,0.0,0.0,4
ALCH/USDT,15,-0.37980112457465753,0.0,0.0,6
LPT/USDT,18,-0.3798898369119669,0.0,0.0,11
LPT/USDT,15,-0.38081149700296996,0.025780229606098267,0.08333333333333333,24
LINK/USDT,16,-0.38145192948569634,0.0,0.0,21
ADA/USDT,14,-0.38274555418597933,0.0,0.0,20
PEPE/USDT,18,-0.384520434548866,0.0,0.0,23
BCH/USDT,19,-0.38548089821238296,0.0,0.0,20
GRASS/USDT,16,-0.3861760159173115,0.023976129681544566,0.1111111111111111,9
SOL/USDT,14,-0.38790569211597337,0.0,0.0,16
ZRO/USDT,17,-0.3881345161662092,0.0,0.0,9
ETH/USDT,18,-0.3886700871930232,0.04584513818914918,0.043478260869565216,23
ASTER/USDT,16,-0.38962944842692687,0.0,0.0,19
ASTER/USDT,15,-0.39208003423896864,0.0,0.0,8
LPT/USDT,16,-0.39296044189010504,0.011789523093869157,0.06666666666666667,15
UNI/USDT,16,-0.3940944256486748,0.0,0.0,23
XRP/USDT,16,-0.39491486002344545,0.0,0.0,15
LINK/USDT,14,-0.3964770194399887,0.0,0.0,4
XLM/USDT,16,-0.3972355133226194,0.0,0.0,23
ASTER/USDT,21,-0.39816327810094176,0.0,0.0,21
ASTER/USDT,18,-0.39833482959463257,0.0,0.0,3
HYPE/USDT,15,-0.4016564891259849,0.0,0.0,4
BNB/USDT,14,-0.40260750287953445,0.0,0.0,18
LINK/USDT,15,-0.4057071752228281,0.0,0.0,7
LTC/USDT,16,-0.4077472562215293,0.0,0.0,13
H/USDT,16,-0.4079248474716552,0.11289014885347265,0.09090909090909091,22
PEPE/USDT,15,-0.4082217690467655,0.0,0.0,24
ETH/USDT,17,-0.415547442453327,0.0,0.0,3
XRP/USDT,18,-0.41577658124637734,0.0,0.0,15
LTC/USDT,18,-0.41695223960800326,0.0,0.0,20
PEPE/USDT,17,-0.41800116362305595,0.0,0.0,21
UNI/USDT,15,-0.4185550799279949,0.0,0.0,10
UNI/USDT,14,-0.4215620262399984,0.0,0.0,3
PEPE/USDT,20,-0.4230253979131059,0.0,0.0,14
MORPHO/USDT,17,-0.4245833235557487,0.0976253603805096,0.058823529411764705,17
SUI/USDT,19,-0.4254220512137275,0.0,0.0,22
TRX/USDT,18,-0.42736559241609745,0.0,0.0,21
TRX/USDT,17,-0.4289785999164246,0.0,0.0,11
PEPE/USDT,16,-0.43003433231737676,0.0,0.0,23
GRASS/USDT,1,-0.43026214233060683,0.17913789679821462,0.09090909090909091,11
SONIC/USDT,16,-0.4303171757387951,0.0,0.0,8
TRX/USDT,23,-0.43330280166713564,0.0,0.0,1
PI/USDT,22,-0.4341901015999737,0.0791653701806157,0.14285714285714285,21
ALCH/USDT,19,-0.4363510264002935,0.0,0.0,5
USDC/USDT,21,-0.43725803841456795,0.0,0.0,11
HBAR/USDT,16,-0.4373179310195968,0.0,0.0,23
SONIC/USDT,15,-0.43801878284576024,0.0,0.0,5
USDC/USDT,20,-0.438472098592565,0.0,0.0,4
WLD/USDT,18,-0.4437440915860889,0.007623561148357674,0.05263157894736842,19
HYPE/USDT,21,-0.4453325418162127,0.0,0.0,23
DOGE/USDT,20,-0.4469327826184205,0.0,0.0,16
UNI/USDT,18,-0.4480928995279759,0.0,0.0,20
SOL/USDT,22,-0.44866484739821355,0.0,0.0,9
XRP/USDT,20,-0.4487246364044306,0.0,0.0,18
BGB/USDT,19,-0.4535435428615093,0.0,0.0,13
LINK/USDT,18,-0.4545773468904165,0.0,0.0,23
GRASS/USDT,20,-0.4567564968043411,0.0,0.0,11
SOL/USDT,17,-0.4585257090319834,0.0,0.0,12
KITE/USDT,15,-0.45862405058718964,0.0,0.0,5
HBAR/USDT,14,-0.4591153191309334,0.0,0.0,16
UNI/USDT,0,-0.4592781169599743,0.0,0.0,5
HBAR/USDT,15,-0.46099921599667104,0.0,0.0,7
BERA/USDT,0,-0.4620511370131366,0.0,0.0,9
STO/USDT,4,-0.4629278756904207,0.0,0.0,2
SONIC/USDT,17,-0.4630904838989136,0.0,0.0,20
LPT/USDT,12,-0.4663431704639752,0.0,0.0,1
XLM/USDT,17,-0.4666096417381475,0.0,0.0,7
0G/USDT,17,-0.4692034278586434,0.0,0.0,6
AVAX/USDT,18,-0.4693173056511653,0.0,0.0,15
WLD/USDT,21,-0.47068825490169064,0.0,0.0,21
HYPE/USDT,19,-0.47216003159557696,0.0101105961143676,0.041666666666666664,24
PAXG/USDT,0,-0.4763269681978401,0.0,0.0,6
MORPHO/USDT,2,-0.47787942021676616,0.06331609922655368,0.2,20
MOODENG/USDT,18,-0.47838390797361424,0.07745709869254261,0.125,16
HYPE/USDT,22,-0.47896818310125977,0.01037068813568948,0.06666666666666667,15
FF/USDT,17,-0.4796017260139777,0.0,0.0,2
MORPHO/USDT,21,-0.48073585017952947,0.0,0.0,9
ADA/USDT,21,-0.4821150866880285,0.0,0.0,1
LTC/USDT,21,-0.4842764852133234,0.0,0.0,6
BTC/USDT,22,-0.4872567151817753,0.0,0.0,19
UNI/USDT,20,-0.4908724632945247,0.0,0.0,22
0G/USDT,23,-0.4922473467771252,0.0,0.0,14
MORPHO/USDT,22,-0.49471826687997394,0.0,0.0,1
MON/USDT,23,-0.49617224558876993,0.008391224321294714,0.2,5
ZEC/USDT,16,-0.4984034215779011,0.0,0.0,20
HBAR/USDT,21,-0.49897629263996396,0.0,0.0,1
WLD/USDT,17,-0.4994654174011205,0.0,0.0,7
BNB/USDT,16,-0.5002762939389835,0.0,0.0,24
RECALL/USDT,23,-0.5122465271634903,0.0,0.0,3
LTC/USDT,20,-0.5132531909417908,0.0,0.0,22
LINK/USDT,21,-0.5145675602759545,0.0,0.0,20
TAO/USDT,21,-0.5146889436009155,0.0,0.0,12
LTC/USDT,19,-0.5151158174911625,0.0,0.0,25
KITE/USDT,23,-0.5157150699383278,0.0,0.0,2
SONIC/USDT,14,-0.5173692090463818,0.0,0.0,3
BERA/USDT,15,-0.5185894341503934,0.0,0.0,1
PEPE/USDT,14,-0.5185940431066871,0.0,0.0,24
HOME/USDT,11,-0.5217195182477896,0.8007824520405815,0.375,8
DOGE/USDT,23,-0.522142159369585,0.0,0.0,2
ASTER/USDT,19,-0.5223246607559756,0.0,0.0,12
HBAR/USDT,20,-0.5242672454051887,0.0,0.0,23
AVAX/USDT,0,-0.524500197687997,0.0,0.0,7
SOL/USDT,16,-0.5255673464163786,0.0,0.0,19
H/USDT,21,-0.5268638574445368,0.11160635030520627,0.04,25
BCH/USDT,22,-0.5278496839594087,0.0,0.0,14
BCH/USDT,23,-0.5287435843019708,0.0,0.0,8
XRP/USDT,19,-0.5294024816764625,0.0,0.0,25
ZRO/USDT,3,-0.5334860635999872,0.0,0.0,1
WLD/USDT,16,-0.5342334937544114,0.0,0.0,23
ETH/USDT,21,-0.5343729471167603,0.0,0.0,5
AIO/USDT,1,-0.5343808179071925,0.0,0.0,1
XLM/USDT,19,-0.5356277256348916,0.0,0.0,23
BCH/USDT,2,-0.5360577053188252,0.0,0.0,7
MON/USDT,20,-0.545434992220649,0.0045987209583626286,0.0625,16
BCH/USDT,1,-0.5461263874952487,0.0,0.0,11
LPT/USDT,14,-0.5469505251060583,0.0,0.0,23
ETH/USDT,19,-0.5479501322030299,0.0,0.0,26
BNB/USDT,22,-0.5481529054462949,0.0,0.0,19
BCH/USDT,20,-0.549371268856583,0.0,0.0,13
UNI/USDT,19,-0.5514764723708699,0.0,0.0,22
ZEC/USDT,17,-0.5519023869683765,0.0,0.0,10
BGB/USDT,3,-0.5523086822129639,0.0,0.0,16
PENGU/USDT,0,-0.5526763111740194,0.0,0.0,2
0G/USDT,16,-0.5558375538495779,0.0,0.0,10
WLD/USDT,0,-0.5559406436479855,0.0,0.0,4
ADA/USDT,20,-0.5571195463429806,0.0,0.0,16
SONIC/USDT,1,-0.55912422889837,0.09013732386158185,0.3333333333333333,3
HBAR/USDT,19,-0.5604004240901309,0.0,0.0,10
DOGE/USDT,19,-0.5606130416943182,0.0,0.0,13
ZEC/USDT,1,-0.5614745337960311,0.0,0.0,27
ZEC/USDT,19,-0.5625234914816764,0.19962293246687096,0.045454545454545456,22
LINK/USDT,19,-0.5632277825535766,0.0,0.0,25
BCH/USDT,12,-0.56657473726851,0.033030538219731634,0.14285714285714285,7
FF/USDT,18,-0.5667429636829479,0.0,0.0,3
ADA/USDT,19,-0.5679424494971159,0.0,0.0,7
BNB/USDT,18,-0.5688390147133683,0.0,0.0,23
MOODENG/USDT,17,-0.5689743261025032,0.0,0.0,6
LINK/USDT,20,-0.5706425806590186,0.0,0.0,21
GRASS/USDT,19,-0.5730342146390671,0.025636476174164837,0.05263157894736842,19
HOME/USDT,21,-0.5736161799819648,0.30360322746046026,0.26666666666666666,15
RECALL/USDT,1,-0.5749738546943695,0.5281147573603829,0.5,2
XLM/USDT,20,-0.575186999897968,0.0,0.0,16
BCH/USDT,3,-0.5753852209162512,0.0,0.0,13
SOL/USDT,23,-0.5766426372719404,0.0,0.0,1
AVAX/USDT,20,-0.5770398883303601,0.0,0.0,20
ASTER/USDT,20,-0.5784886601713571,0.0,0.0,24
0G/USDT,0,-0.5810549399970925,0.018935897920851846,0.08,25
ZRO/USDT,10,-0.5815081941140917,0.12901772527091665,0.18181818181818182,11
MYX/USDT,4,-0.5831913282239707,0.0,0.0,2
AVAX/USDT,21,-0.5894208572223715,0.0,0.0,5
ALCH/USDT,22,-0.5942680326251293,0.0,0.0,4
ALCH/USDT,20,-0.5967755193497357,0.0,0.0,4
PAXG/USDT,2,-0.5979371683739187,0.0,0.0,4
AVAX/USDT,1,-0.5981648920465271,0.0,0.0,11
PENGU/USDT,17,-0.5992130248484162,0.0,0.0,2
XLM/USDT,13,-0.6023351380756963,0.0,0.0,3
AAVE/USDT,21,-0.6062616750399541,0.0,0.0,9
BNB/USDT,21,-0.6083959342810976,0.0,0.0,7
DOGE/USDT,22,-0.6106897567947485,0.0,0.0,4
PENGU/USDT,21,-0.614032343941505,0.0,0.0,13
BNB/USDT,23,-0.6161940815732939,0.0,0.0,3
LINK/USDT,0,-0.6162963333599627,0.0,0.0,4
VELVET/USDT,21,-0.6163636969329837,0.0,0.0,7
HOME/USDT,20,-0.6177560767904323,0.0,0.0,18
BTC/USDT,18,-0.6177909238740912,0.0,0.0,24
SUI/USDT,22,-0.620518907658193,0.0,0.0,18
BNB/USDT,20,-0.6210354015959649,0.0,0.0,20
MON/USDT,21,-0.6212025652298635,0.0,0.0,3
WLD/USDT,19,-0.6255011283353064,0.0,0.0,24
BTC/USDT,23,-0.626728859633055,0.0,0.0,6
PAXG/USDT,1,-0.6273825794607585,0.0,0.0,3
AVAX/USDT,22,-0.6284442126004359,0.0,0.0,17
AIO/USDT,0,-0.6294915052703829,0.0,0.0,1
BTC/USDT,0,-0.6299959862655976,0.0,0.0,3
TRX/USDT,1,-0.6312854234832386,0.0,0.0,21
PI/USDT,4,-0.6354667234355875,0.1776727098765917,0.18181818181818182,11
SOL/USDT,18,-0.6355786664363595,0.0,0.0,21
ZEC/USDT,2,-0.6366980338228561,0.0,0.0,26
TAO/USDT,17,-0.6369524237514588,0.11041685107081994,0.045454545454545456,22
PI/USDT,3,-0.6377700357347582,0.18022940103349758,0.2,20
ETH/USDT,20,-0.6389389702131899,0.0,0.0,23
TRX/USDT,0,-0.6415834512308161,0.0,0.0,21
RECALL/USDT,0,-0.6424609994261709,0.23284560364119483,0.14285714285714285,7
H/USDT,3,-0.6432635606183601,0.4592214742834375,0.2,10
BCH/USDT,0,-0.6433604835679706,0.0,0.0,6
BERA/USDT,3,-0.6448682189791639,0.0,0.0,4
LTC/USDT,2,-0.6471375995199794,0.0,0.0,4
AVAX/USDT,19,-0.6491287543558012,0.0,0.0,25
BTC/USDT,19,-0.6501486299148821,0.0,0.0,26
BGB/USDT,4,-0.6534439997679122,0.0,0.0,5
AAVE/USDT,20,-0.6615568916938721,0.0,0.0,23
RECALL/USDT,22,-0.6688790572175651,0.0,0.0,1
SUI/USDT,20,-0.6706388970625862,0.0,0.0,12
UNI/USDT,21,-0.6728730599708622,0.0,0.0,11
ALCH/USDT,21,-0.6745265819136392,0.0,0.0,1
AAVE/USDT,18,-0.6757057265599714,0.0,0.0,7
TRX/USDT,19,-0.6766494622009631,0.0,0.0,17
HBAR/USDT,0,-0.6784395265708428,0.0,0.0,10
WLD/USDT,1,-0.6794904436799557,0.0,0.0,5
SOL/USDT,20,-0.6824725036213136,0.0,0.0,24
PENGU/USDT,1,-0.684699248115245,0.0,0.0,5
H/USDT,19,-0.6861449991293262,0.0,0.0,23
LINK/USDT,22,-0.687375218697742,0.0,0.0,18
AAVE/USDT,19,-0.6891223841759588,0.0,0.0,25
SUI/USDT,0,-0.6896223452442314,0.0,0.0,12
RIVER/USDT,1,-0.6914619104399244,0.024636101286510878,0.25,8
AVAX/USDT,14,-0.6918828729119975,0.0,0.0,1
ASTER/USDT,22,-0.6949313146079589,0.0,0.0,6
BNB/USDT,19,-0.6952045573205674,0.0,0.0,26
SONIC/USDT,20,-0.6963309865144026,0.0,0.0,5
XRP/USDT,22,-0.6966911106293233,0.0,0.0,3
ADA/USDT,22,-0.6974406978006807,0.0,0.0,11
SONIC/USDT,18,-0.7015824806676846,0.14624802426578323,0.16666666666666666,6
SUI/USDT,23,-0.7074248270513752,0.0,0.0,15
LA/USDT,3,-0.7120068246182223,0.08286536164635945,0.09523809523809523,21
HBAR/USDT,23,-0.713859528411813,0.0,0.0,17
WLD/USDT,20,-0.7151130034467796,0.0,0.0,20
HOME/USDT,1,-0.7195838511633492,0.0,0.0,16
MORPHO/USDT,18,-0.7212007139413231,0.0,0.0,3
XRP/USDT,3,-0.7214228533068462,0.0,0.0,25
BTC/USDT,21,-0.7231570068138314,0.0,0.0,6
LTC/USDT,1,-0.723720794919953,0.0,0.0,6
LINK/USDT,1,-0.7254537143499808,0.0,0.0,8
MOODENG/USDT,0,-0.7260172563231665,0.0,0.0,3
BTC/USDT,20,-0.7281525070562754,0.0,0.0,23
VELVET/USDT,23,-0.7283168243999671,0.0,0.0,2
VELVET/USDT,0,-0.7296410368080014,0.0,0.0,1
ASTER/USDT,2,-0.7317046662775609,0.0070816475567089645,0.043478260869565216,23
LPT/USDT,4,-0.7326672642117986,0.12429437215448723,0.1111111111111111,18
H/USDT,20,-0.7341982636673051,0.059930189520479654,0.08695652173913043,23
LPT/USDT,23,-0.7376606751359174,0.0,0.0,1
MYX/USDT,23,-0.7379656908159636,0.14273413192952572,0.3333333333333333,3
PENGU/USDT,19,-0.7392373707132776,0.0,0.0,27
LTC/USDT,10,-0.744921797579972,0.0,0.0,4
AAVE/USDT,22,-0.7451837672699614,0.0,0.0,16
ZEC/USDT,21,-0.7454192500561914,0.0,0.0,24
SOL/USDT,19,-0.7476298407208893,0.0,0.0,26
PAXG/USDT,9,-0.7487186196827389,0.0,0.0,4
ADA/USDT,0,-0.7496451314676521,0.0,0.0,13
B2/USDT,6,-0.7554406636799232,0.0,0.0,2
PI/USDT,1,-0.7588349890150942,0.30363393270156513,0.10526315789473684,19
DOGE/USDT,2,-0.7593687814713788,0.0,0.0,4
SOL/USDT,21,-0.7637562550079782,0.0,0.0,3
ZEC/USDT,0,-0.7661816613669302,0.04039649115809063,0.043478260869565216,23
ZRO/USDT,5,-0.7684076085178212,0.07405020092060015,0.06666666666666667,15
BERA/USDT,1,-0.7732249584305476,0.0,0.0,9
UNI/USDT,1,-0.7762404588590885,0.0,0.0,23
MON/USDT,1,-0.7776697188774838,0.007977529118453055,0.047619047619047616,21
MON/USDT,5,-0.7870746600679187,0.0,0.0,3
LTC/USDT,22,-0.7877686099563284,0.0,0.0,11
ASTER/USDT,1,-0.7907345749032146,0.0,0.0,21
ZEC/USDT,3,-0.7921195699054312,0.0663212798341847,0.08333333333333333,24
PEPE/USDT,10,-0.7947080203934389,0.0,0.0,3
DOGE/USDT,4,-0.7956403607063345,0.0,0.0,23
MORPHO/USDT,3,-0.7967705296418615,0.0014396564951488942,0.07692307692307693,13
MOODENG/USDT,4,-0.7978718445339332,0.0,0.0,9
MOODENG/USDT,23,-0.8048018797307697,0.0,0.0,10
XAUT/USDT,17,-0.8055551329599678,0.0,0.0,20
BTC/USDT,1,-0.8074413175580205,0.0,0.0,7
MOODENG/USDT,19,-0.8085914350314491,0.2456130878444113,0.058823529411764705,17
GRASS/USDT,3,-0.8092515335172649,0.11402296683584727,0.2222222222222222,9
ASTER/USDT,0,-0.8093087764639758,0.0,0.0,3
XRP/USDT,2,-0.8099343347626246,0.0,0.0,3
MORPHO/USDT,0,-0.8140340029066242,0.0,0.0,3
LTC/USDT,23,-0.8167379462933053,0.0,0.0,9
XLM/USDT,23,-0.8169740840521442,0.0,0.0,15
XLM/USDT,22,-0.8181629698055612,0.0,0.0,17
HOME/USDT,9,-0.8228145500847224,0.0,0.0,6
PENGU/USDT,22,-0.8236401971165163,0.015684549273617027,0.045454545454545456,22
MYX/USDT,22,-0.8253516495119451,0.0,0.0,2
ZRO/USDT,8,-0.8262244132799634,0.0,0.0,2
LPT/USDT,6,-0.8262371954112999,0.0037223104442054553,0.05263157894736842,19
GRASS/USDT,5,-0.8281090647037969,0.0,0.0,1
XRP/USDT,7,-0.8286959861599773,0.0,0.0,2
BTC/USDT,9,-0.8290209242377504,0.0,0.0,11
DOGE/USDT,3,-0.8311190679904344,0.0,0.0,20
MOODENG/USDT,20,-0.8339427096272145,0.0,0.0,20
TAO/USDT,23,-0.8344528691283264,0.0033599767086333393,0.043478260869565216,23
KITE/USDT,6,-0.8351308555197691,0.30078058143311204,0.2222222222222222,18
PEPE/USDT,22,-0.8368016613648593,0.0,0.0,12
STO/USDT,1,-0.8373373695280717,0.0,0.0,1
STO/USDT,3,-0.837553352443104,0.0,0.0,1
PENGU/USDT,20,-0.8394731863771662,0.0,0.0,17
BERA/USDT,2,-0.8418697623163628,0.0,0.0,12
HOME/USDT,2,-0.8421140278607151,0.24721132113475025,0.125,8
LA/USDT,0,-0.8477416233828274,0.0,0.0,14
HYPE/USDT,5,-0.8485921996295128,0.0,0.0,2
XAUT/USDT,18,-0.8525905771732979,0.0,0.0,3
LINK/USDT,23,-0.8532798924799,0.0,0.0,2
XAUT/USDT,6,-0.8537392965598921,0.0,0.0,4
UNI/USDT,22,-0.8538900297978662,0.0,0.0,19
KITE/USDT,17,-0.8599491566833816,0.006731043472652912,0.08333333333333333,12
TRX/USDT,21,-0.8608996488993668,0.0,0.0,21
PAXG/USDT,11,-0.8660185634783115,0.0,0.0,2
SONIC/USDT,19,-0.866722808115199,0.0,0.0,3
PEPE/USDT,23,-0.8674784223779648,0.0,0.0,2
SUI/USDT,1,-0.8679859219632814,0.0,0.0,25
SUI/USDT,3,-0.8753163904905173,0.0,0.0,20
LA/USDT,2,-0.8759801217279836,0.0,0.0,3
XRP/USDT,9,-0.8770288272376623,0.0,0.0,14
MON/USDT,0,-0.878354004849265,0.0,0.0,14
TRX/USDT,2,-0.8816574056360816,0.0,0.0,22
LINK/USDT,2,-0.882400020412258,0.0,0.0,13
PEPE/USDT,3,-0.8847061827717895,0.0,0.0,21
ZEC/USDT,20,-0.8857362227365,0.0,0.0,19
LPT/USDT,5,-0.8868394292592037,0.0532203023304368,0.18181818181818182,11
LINK/USDT,6,-0.8940482591563139,0.0,0.0,11
BGB/USDT,11,-0.8943174954159613,0.0,0.0,3
SONIC/USDT,9,-0.8946030138679291,0.0,0.0,3
MYX/USDT,16,-0.8964909003000047,0.0,0.0,2
UNI/USDT,23,-0.8996705346799679,0.0,0.0,6
ADA/USDT,23,-0.9004758690839392,0.0,0.0,10
HBAR/USDT,22,-0.9038016897143523,0.0,0.0,14
XAUT/USDT,3,-0.9045040536598757,0.0,0.0,8
XLM/USDT,2,-0.9070912554568444,0.0,0.0,12
ETH/USDT,6,-0.9142948923555037,0.0,0.0,9
BGB/USDT,5,-0.9144833004406739,0.0,0.0,22
PEPE/USDT,4,-0.9191654270932139,0.0,0.0,21
AAVE/USDT,23,-0.923168444426613,0.0,0.0,9
XAUT/USDT,9,-0.9247742867999305,0.0,0.0,2
0G/USDT,2,-0.9278962058431984,0.16157957535578318,0.05555555555555555,18
LINK/USDT,3,-0.9290583919623009,0.0,0.0,17
MORPHO/USDT,4,-0.9300940345623481,0.0,0.0,20
XAUT/USDT,5,-0.9316249005079499,0.0,0.0,20
LTC/USDT,4,-0.9320553253968448,0.0,0.0,26
ADA/USDT,3,-0.935585229358898,0.0009042233299256339,0.043478260869565216,23
BTC/USDT,2,-0.9362966045595753,0.0,0.0,2
MON/USDT,2,-0.9364707776392568,0.0,0.0,9
SOL/USDT,3,-0.9454745865304872,0.0,0.0,19
KITE/USDT,3,-0.9456923477404796,0.0,0.0,12
ADA/USDT,1,-0.951440528635349,0.0,0.0,7
MOODENG/USDT,21,-0.953092688930387,0.0,0.0,2
BGB/USDT,12,-0.9536313212833774,0.0,0.0,14
HYPE/USDT,10,-0.9570228394140633,0.0,0.0,12
0G/USDT,4,-0.9584046090755798,0.15908004000754095,0.2727272727272727,11
BNB/USDT,1,-0.9585661814839084,0.0,0.0,4
ASTER/USDT,3,-0.9601181296192114,0.0,0.0,22
BCH/USDT,4,-0.9750711801899442,0.0,0.0,12
ADA/USDT,10,-0.97583988788475,0.0,0.0,10
ETH/USDT,4,-0.9799497913596235,0.0,0.0,24
WLD/USDT,22,-0.9815050196955845,0.0,0.0,22
MORPHO/USDT,7,-0.9870920511750892,0.0,0.0,10
SUI/USDT,2,-0.9872729899311004,0.0,0.0,26
LTC/USDT,3,-0.9877333831699525,0.0,0.0,16
HBAR/USDT,10,-0.9913473555402488,0.0,0.0,5
AVAX/USDT,23,-0.9914614387631492,0.0,0.0,10
ETH/USDT,3,-0.9927542212195705,0.0,0.0,22
STO/USDT,14,-0.9930016930039613,0.0,0.0,1
AAVE/USDT,2,-0.993267375557608,0.012929897057340229,0.058823529411764705,17
DOGE/USDT,10,-0.9972434809510657,0.0,0.0,10
RECALL/USDT,19,-0.998414752339131,0.0,0.0,1
XLM/USDT,10,-0.9988415624811847,0.0,0.0,17
BERA/USDT,12,-1.000356343204847,0.0,0.0,2
STO/USDT,6,-1.0056074083148636,0.0,0.0,5
BERA/USDT,10,-1.0085216029210566,0.0,0.0,5
KITE/USDT,1,-1.014982698517836,0.0,0.0,3
0G/USDT,1,-1.017214921213759,0.01151554295088042,0.045454545454545456,22
TRX/USDT,22,-1.0194185557866604,0.0,0.0,12
MYX/USDT,1,-1.0207801208419616,0.0,0.0,4
ZRO/USDT,6,-1.0211020150692909,0.0,0.0,3
H/USDT,4,-1.0215212436295429,0.07033590966061673,0.043478260869565216,23
RECALL/USDT,6,-1.025972564166329,0.0,0.0,1
TAO/USDT,4,-1.0260428812451636,0.0,0.0,2
LA/USDT,4,-1.0260744027339643,0.02037351295023035,0.05,20
HBAR/USDT,1,-1.0305895045998268,0.0,0.0,20
SOL/USDT,2,-1.0337539177439312,0.0,0.0,4
ADA/USDT,4,-1.035361140838455,0.013569104619627384,0.13636363636363635,22
ZRO/USDT,4,-1.0367513349167277,0.0,0.0,5
MYX/USDT,0,-1.0379751350047688,0.0,0.0,5
ZRO/USDT,11,-1.0386496073128106,0.10579976241495131,0.3333333333333333,18
XLM/USDT,6,-1.0389613474188468,0.0,0.0,5
XLM/USDT,3,-1.0435013923031846,0.0,0.0,23
ADA/USDT,5,-1.0455330426631384,0.005066630597952748,0.1,10
UNI/USDT,3,-1.0466882343999537,0.0,0.0,20
LINK/USDT,10,-1.049923526016022,0.0,0.0,5
LTC/USDT,12,-1.0542764476799764,0.0,0.0,2
MON/USDT,3,-1.0544301771579352,0.0,0.0,14
ZEC/USDT,4,-1.0574736840522334,0.018465529411619303,0.3333333333333333,3
ETH/USDT,10,-1.0621858294570599,0.0,0.0,7
AVAX/USDT,12,-1.0645155898559875,0.0,0.0,1
LA/USDT,14,-1.0648811618680138,0.0,0.0,2
BTC/USDT,4,-1.0692524530588687,0.0,0.0,24
BERA/USDT,4,-1.0693564028659848,0.0,0.0,19
AVAX/USDT,4,-1.0729308325359346,0.0,0.0,24
ADA/USDT,2,-1.076945932391264,0.0,0.0,11
BNB/USDT,10,-1.0786604289279622,0.0,0.0,5
LINK/USDT,4,-1.0853877480999576,0.0,0.0,24
XLM/USDT,9,-1.0906749796264286,0.0,0.0,7
AVAX/USDT,3,-1.0908850675348605,0.0,0.0,22
SOL/USDT,4,-1.0925296047786104,0.0,0.0,24
MORPHO/USDT,6,-1.0984528651667589,0.0018443146302514395,0.058823529411764705,17
HYPE/USDT,9,-1.0996389906563635,0.0,0.0,4
UNI/USDT,4,-1.1009223501799321,0.0,0.0,24
AAVE/USDT,0,-1.1032557179999607,0.0,0.0,4
SUI/USDT,9,-1.1087859626842462,0.0,0.0,13
XRP/USDT,4,-1.1113575635494661,0.0,0.0,23
HBAR/USDT,3,-1.114606005202504,0.0,0.0,23
BGB/USDT,6,-1.1153648385679715,0.0,0.0,7
HYPE/USDT,6,-1.1242749684590472,0.0,0.0,13
BERA/USDT,5,-1.1243565118284229,0.0,0.0,8
UNI/USDT,2,-1.1350005136938328,0.0,0.0,23
AAVE/USDT,1,-1.1355528237288128,0.0,0.0,18
LTC/USDT,9,-1.1380525801243737,0.0,0.0,9
HOME/USDT,0,-1.1404025760859058,0.16769821618235714,0.2222222222222222,9
PENGU/USDT,2,-1.1417206145815961,0.005099361065731383,0.25,4
WLD/USDT,2,-1.1426407743539349,0.0,0.0,4
WLD/USDT,6,-1.1444219542450667,0.0,0.0,14
HBAR/USDT,2,-1.1490935514296996,0.0,0.0,22
BNB/USDT,3,-1.1494223442806355,0.0,0.0,22
PAXG/USDT,10,-1.1495380402141597,0.0,0.0,4
BNB/USDT,4,-1.1526325960693649,0.0,0.0,25
ASTER/USDT,4,-1.1528795155393083,0.0,0.0,12
H/USDT,22,-1.1538577168701738,0.0,0.0,9
B2/USDT,5,-1.1566784091052853,0.0,0.0,6
PAXG/USDT,8,-1.1606264560320039,0.0,0.0,2
AVAX/USDT,11,-1.1648870074559197,0.0,0.0,1
AVAX/USDT,2,-1.1651988138192644,0.0,0.0,12
XAUT/USDT,4,-1.1692840479199198,0.0,0.0,14
DOGE/USDT,6,-1.1747228991310792,0.0,0.0,15
ZRO/USDT,21,-1.1750655003999828,0.0,0.0,3
PEPE/USDT,6,-1.1806373044341087,0.0,0.0,8
BTC/USDT,3,-1.1877548500921342,0.0,0.0,23
WLD/USDT,23,-1.199569295967406,0.0,0.0,15
UNI/USDT,6,-1.2054836159349178,0.0,0.0,16
AAVE/USDT,3,-1.2068084016041254,0.0,0.0,19
PENGU/USDT,23,-1.207425010816753,0.0,0.0,8
TAO/USDT,5,-1.2099787649906497,0.0,0.0,3
B2/USDT,10,-1.218858257759907,0.0,0.0,2
BTC/USDT,10,-1.2193319256869302,0.0,0.0,13
WLD/USDT,4,-1.2244045192291515,0.030544644585412496,0.043478260869565216,23
AVAX/USDT,10,-1.2257745730708605,0.0,0.0,15
HOME/USDT,3,-1.2269889073797309,0.0,0.0,13
SOL/USDT,10,-1.2272889322285525,0.0,0.0,7
AAVE/USDT,4,-1.2351710715832447,0.0,0.0,24
XLM/USDT,1,-1.2416679730842632,0.0,0.0,11
PEPE/USDT,5,-1.2437876818298614,0.0,0.0,8
ETH/USDT,2,-1.2451781758139508,0.0,0.0,4
XLM/USDT,4,-1.2508652715338753,0.0,0.0,23
BNB/USDT,2,-1.2526513925686587,0.0,0.0,11
PI/USDT,23,-1.2595963633384164,0.029645588416103562,0.13333333333333333,15
BCH/USDT,6,-1.269647381375994,0.0,0.0,2
HOME/USDT,12,-1.2759647656567796,0.0,0.0,1
ZEC/USDT,23,-1.279818087221504,0.0,0.0,21
MORPHO/USDT,1,-1.299380186687936,0.0,0.0,1
SUI/USDT,10,-1.3010012917746947,0.006052600916231414,0.05263157894736842,19
SUI/USDT,4,-1.3075854384765946,0.0,0.0,21
DOGE/USDT,5,-1.309280396592002,0.0,0.0,9
XRP/USDT,10,-1.3244835531001553,0.0,0.0,13
WLD/USDT,3,-1.3285380300701282,0.0,0.0,18
RIVER/USDT,5,-1.3287344635910556,0.08842230418390437,0.1111111111111111,9
WLD/USDT,7,-1.3340616712185591,0.0,0.0,3
PI/USDT,21,-1.3342238873599566,0.0,0.0,2
AIO/USDT,19,-1.3367846289503682,0.0,0.0,1
BCH/USDT,10,-1.3502843660319244,0.0,0.0,3
FF/USDT,19,-1.3529852416079475,0.0,0.0,1
HBAR/USDT,4,-1.3557701075169424,0.0,0.0,23
BGB/USDT,9,-1.3639462707919763,0.0,0.0,5
XRP/USDT,5,-1.3721173723559186,0.0,0.0,6
PI/USDT,7,-1.3789275055896588,0.0008649535301248475,0.07142857142857142,14
H/USDT,2,-1.3820522426306516,0.036186630646491545,0.09090909090909091,11
AAVE/USDT,6,-1.3913127588893262,0.0,0.0,17
HBAR/USDT,6,-1.3929469197757383,0.0,0.0,11
MORPHO/USDT,10,-1.3982243162990455,0.0,0.0,18
HBAR/USDT,11,-1.4013401527607914,0.0,0.0,1
PENGU/USDT,4,-1.4043795154200882,0.0,0.0,24
XAUT/USDT,11,-1.4048958967200789,0.0,0.0,1
RIVER/USDT,12,-1.408303533624742,0.4721689150611607,0.3,10
ASTER/USDT,12,-1.4097404021769229,0.0,0.0,8
PENGU/USDT,3,-1.4100059218845036,0.0,0.0,21
XAUT/USDT,10,-1.4135553320799306,0.0,0.0,15
ETH/USDT,5,-1.4151936545566437,0.0,0.0,17
DOGE/USDT,8,-1.4165008678183695,0.0,0.0,2
GRASS/USDT,7,-1.4233809647626685,0.15348599578909,0.3333333333333333,3
PI/USDT,6,-1.426009002879933,0.02760903584921977,0.14285714285714285,7
XAUT/USDT,7,-1.430709354171286,0.0,0.0,7
KITE/USDT,4,-1.4333971980694162,0.0880459438224719,0.08,25
BGB/USDT,10,-1.4417341620958806,0.0,0.0,2
XRP/USDT,12,-1.453649747830342,0.0,0.0,5
BERA/USDT,9,-1.469481681273298,0.0,0.0,3
ZRO/USDT,12,-1.4718936970921868,0.4146038291104367,0.35714285714285715,14
SONIC/USDT,4,-1.4726500766318686,0.0,0.0,1
GRASS/USDT,11,-1.477746547199796,0.0,0.0,1
0G/USDT,3,-1.479103323041297,0.0784056287640066,0.16666666666666666,6
TRX/USDT,11,-1.4794905002397554,0.0,0.0,9
TAO/USDT,10,-1.479804049321645,0.0,0.0,6
0G/USDT,6,-1.482632600870949,0.033339318303265045,0.1111111111111111,9
MOODENG/USDT,3,-1.4904927575019347,0.0,0.0,9
GRASS/USDT,12,-1.4935153990015337,0.0,0.0,5
ZRO/USDT,9,-1.4954177539448072,0.0506095626187376,0.125,16
H/USDT,5,-1.4961289400846016,0.1629811541811675,0.11538461538461539,26
LINK/USDT,5,-1.5143580713453695,0.0,0.0,11
SONIC/USDT,5,-1.5196099944927934,0.0,0.0,2
ASTER/USDT,5,-1.5255200590219014,0.0,0.0,4
LTC/USDT,5,-1.5462476190055532,0.0,0.0,7
STO/USDT,20,-1.5512643132831767,0.0,0.0,2
BCH/USDT,5,-1.5587272714038423,0.0,0.0,4
LTC/USDT,6,-1.5603880052599277,0.0,0.0,4
TAO/USDT,18,-1.5675524491872042,0.0,0.0,1
SOL/USDT,5,-1.5741179779612435,0.0,0.0,12
LPT/USDT,2,-1.5801557574599627,0.0,0.0,2
LTC/USDT,8,-1.5805336475428,0.0,0.0,21
ZRO/USDT,0,-1.6030782231359666,0.0,0.0,1
VELVET/USDT,6,-1.6151583942400025,0.0,0.0,1
0G/USDT,7,-1.6302278036479292,0.0,0.0,3
B2/USDT,21,-1.635533569199993,0.0,0.0,1
MORPHO/USDT,5,-1.6373136886762472,0.0,0.0,11
STO/USDT,10,-1.6390683485958981,0.0,0.0,3
AVAX/USDT,5,-1.6517485797198848,0.0,0.0,7
LPT/USDT,11,-1.6531523180159258,0.0,0.0,3
RIVER/USDT,4,-1.6863872989789914,0.06452360861508616,0.047619047619047616,21
HOME/USDT,10,-1.69383043386035,0.39305154451807045,0.25,8
XLM/USDT,5,-1.6970494582280449,0.0,0.0,9
AAVE/USDT,5,-1.7108239750599257,0.0,0.0,8
AAVE/USDT,7,-1.7274270551999293,0.0,0.0,3
ADA/USDT,6,-1.7279697823890041,0.0,0.0,11
HOME/USDT,23,-1.7370030657647442,0.09823731360586285,0.1111111111111111,9
BNB/USDT,11,-1.7569542395732551,0.0,0.0,3
0G/USDT,11,-1.7709970715865522,0.0,0.0,3
SUI/USDT,5,-1.8431985270039872,0.0,0.0,6
BNB/USDT,5,-1.8721608512839014,0.0,0.0,6
UNI/USDT,5,-1.8830445344899063,0.0,0.0,8
WLD/USDT,5,-1.9037691466959419,0.0,0.0,10
H/USDT,0,-1.9390654732607864,0.0,0.0,1
SOL/USDT,11,-1.9404239316479583,0.0,0.0,1
KITE/USDT,5,-1.9506390998152316,0.09728311752236891,0.15,20
KITE/USDT,9,-1.9884609724431048,0.18364814541845673,0.2222222222222222,18
BTC/USDT,5,-1.9965226338633824,0.0,0.0,10
ETH/USDT,12,-1.9996830908781318,0.029453566695211767,0.1111111111111111,9
TAO/USDT,6,-2.0307591478636056,0.0,0.0,8
HYPE/USDT,7,-2.0417583650976483,0.0,0.0,6
HBAR/USDT,5,-2.0544051247171797,0.0,0.0,12
LPT/USDT,7,-2.062268164503942,0.0,0.0,3
MORPHO/USDT,11,-2.0705164513919763,0.0,0.0,2
0G/USDT,5,-2.11595680335715,0.0,0.0,12
LA/USDT,5,-2.1242905302079493,0.0,0.0,3
ADA/USDT,11,-2.1431546102639385,0.0,0.0,3
KITE/USDT,8,-2.226451065600225,0.2803113498459556,0.26666666666666666,15
MYX/USDT,7,-2.2406576539319696,0.0,0.0,2
FF/USDT,22,-2.2775666216423307,0.0,0.0,1
H/USDT,6,-2.285734559834038,0.19792446394511562,0.23809523809523808,21
XRP/USDT,11,-2.3206510426878646,0.0,0.0,3
TRX/USDT,10,-2.370925478387996,0.0,0.0,11
APR/USDT,2,-2.4510962030399477,0.0,0.0,1
H/USDT,12,-2.4676467956558925,0.0,0.0,3
MOODENG/USDT,11,-2.496678353266385,0.0,0.0,2
DOGE/USDT,7,-2.545460943274882,0.0,0.0,4
BERA/USDT,11,-2.569690667447629,0.0,0.0,4
PENGU/USDT,5,-2.5739793329297584,0.0,0.0,7
RIVER/USDT,2,-2.7302217456799673,0.0,0.0,6
BCH/USDT,11,-2.913701882255957,0.0,0.0,2
SOL/USDT,12,-2.9663131390559023,0.0,0.0,2
RIVER/USDT,22,-2.9949446340799466,0.0,0.0,1
STO/USDT,11,-3.178334535969558,0.0,0.0,2
KITE/USDT,10,-3.184134932201402,0.20549750693150723,0.23076923076923078,13
MON/USDT,4,-3.464178268819169,0.0,0.0,1
KITE/USDT,7,-3.636967242497156,0.0,0.0,4
MYX/USDT,12,-3.8463229133997063,0.0,0.0,1
MOODENG/USDT,5,-3.9573167506198548,0.0,0.0,4
MYX/USDT,10,-4.043227688423936,0.09887150956083847,0.5,2
DOGE/USDT,12,-4.058394183224069,0.0,0.0,9
RECALL/USDT,20,-4.131323517600084,0.0,0.0,1
GRASS/USDT,4,-4.143421116869945,0.0,0.0,4
HOME/USDT,7,-4.288332862885784,0.14038036396808748,0.4,5
SONIC/USDT,11,-6.2982728183647065,0.0,0.0,1
HOME/USDT,4,-9.68978669323513,0.0,0.0,2
