coin,trades,expectancy,profit_factor,winrate,avg_win,avg_loss,gross_profit,gross_loss_abs
APR/USDT,4,0.7635353618146721,1.6060406909484468,0.25,8.09364043284494,-1.679832995195417,8.09364043284494,5.039498985586251
FF/USDT,11,-0.27290024412807046,0.5685510645622273,0.09090909090909091,3.9558214827198888,-0.6957724168128664,3.9558214827198888,6.957724168128664
USDC/USDT,17,-0.4160300665036272,0.0,0.0,0.0,-0.4160300665036272,0.0,7.072511130561663
ALCH/USDT,36,-0.4242674385024555,0.0,0.0,0.0,-0.4242674385024555,0.0,15.273627786088399
VELVET/USDT,12,-0.4321833423969102,0.36098896567384986,0.08333333333333333,2.9297788496159,-0.7378162689435293,2.9297788496159,8.115978958378822
GRASS/USDT,127,-0.516530788706712,0.1732605766353305,0.10236220472440945,1.0575178094948963,-0.6960275586770708,13.747731523433652,79.34714168918607
HYPE/USDT,165,-0.5674494348881808,0.0020361409946951423,0.012121212121212121,0.09551556534360196,-0.5755839747683253,0.19103113068720393,93.82018788723703
TAO/USDT,183,-0.5799632034220137,0.05202322985664424,0.060109289617486336,0.5294908519645132,-0.6509166604525474,5.824399371609645,111.95766559783814
PEPE/USDT,226,-0.596571487833122,0.0,0.0,0.0,-0.596571487833122,0.0,134.82515625028557
BCH/USDT,135,-0.6321291620657417,0.0015850013619431182,0.007407407407407408,0.1354746812320135,-0.6378575489560234,0.1354746812320135,85.47291156010714
LPT/USDT,140,-0.6366014117011662,0.04238516737062145,0.06428571428571428,0.43830473437770084,-0.710449925553913,3.9447426093993077,93.0689402475626
BGB/USDT,133,-0.6413146999457111,0.0,0.0,0.0,-0.6413146999457111,0.0,85.29485509277957
ZEC/USDT,256,-0.6422444411323562,0.15359663297501536,0.03515625,3.3151419041366212,-0.7864407047251529,29.83627713722959,194.25085406711278
ASTER/USDT,206,-0.6760460286854156,0.0008611261974223686,0.0048543689320388345,0.1200285145669906,-0.6799293191403053,0.1200285145669906,139.38551042376258
SONIC/USDT,62,-0.6829852308216604,0.021168851051105636,0.04838709677419355,0.30526095111414114,-0.7332350366828028,0.9157828533424235,43.260867164285365
LINK/USDT,237,-0.7062920919601338,0.0,0.0,0.0,-0.7062920919601338,0.0,167.3912257945517
MYX/USDT,49,-0.7130240868450679,0.15917968405343336,0.1836734693877551,0.734923633369596,-1.0388123238933673,6.614312700326364,41.55249295573469
XRP/USDT,204,-0.7139908822103862,0.0,0.0,0.0,-0.7139908822103862,0.0,145.65413997091878
MON/USDT,103,-0.7185256351218958,0.02724971346043996,0.04854368932038835,0.41463891566509875,-0.7763401530191915,2.0731945783254937,76.08133499588077
MOODENG/USDT,152,-0.7262101039903798,0.0615102672845395,0.05921052631578947,0.8038619163784785,-0.8225083430345737,7.234757247406306,117.61869305394403
TRX/USDT,209,-0.7413969265465705,0.0,0.0,0.0,-0.7413969265465705,0.0,154.95195764823325
BNB/USDT,245,-0.7447447705005287,0.0,0.0,0.0,-0.7447447705005287,0.0,182.46246877262953
PAXG/USDT,25,-0.7511269959869287,0.0,0.0,0.0,-0.7511269959869287,0.0,18.778174899673218
SOL/USDT,222,-0.7544911388914798,0.0,0.0,0.0,-0.7544911388914798,0.0,167.49703283390852
XLM/USDT,259,-0.7691119491151993,0.0,0.0,0.0,-0.7691119491151993,0.0,199.19999482083662
ADA/USDT,214,-0.7756789061508731,0.003965467063657651,0.028037383177570093,0.1101449158733702,-0.8012315164015723,0.6608694952402212,166.65615541152704
WLD/USDT,289,-0.7779297119759421,0.0055817800666350965,0.01384083044982699,0.31548728305535856,-0.7932759154149779,1.2619491322214342,226.0836358932687
LTC/USDT,223,-0.7795081569208558,0.0,0.0,0.0,-0.7795081569208558,0.0,173.83031899335086
PI/USDT,124,-0.7849735374716716,0.1819650553667663,0.16129032258064516,1.0825870895813954,-1.1441198119049536,21.65174179162791,118.98846043811518
UNI/USDT,261,-0.7866641142212597,0.0,0.0,0.0,-0.7866641142212597,0.0,205.31933381174878
PENGU/USDT,233,-0.8140195540834938,0.001643034553472266,0.008583690987124463,0.15607078234456712,-0.8224186046153386,0.31214156468913423,189.9786976661432
ETH/USDT,192,-0.8199590818964979,0.006159333987833281,0.010416666666666666,0.4878433670400856,-0.8337254234642514,0.9756867340801711,158.40783045820777
SUI/USDT,247,-0.8214172972879831,0.0007413564711147592,0.004048582995951417,0.1505254611457083,-0.8253682841108843,0.1505254611457083,203.0405978912775
MORPHO/USDT,169,-0.829240681051341,0.010425070311187019,0.04142011834319527,0.21091116608164498,-0.8741855139521489,1.4763781625715149,141.61805326024813
AIO/USDT,3,-0.8335523173759812,0.0,0.0,0.0,-0.8335523173759812,0.0,2.500656952127944
AVAX/USDT,199,-0.8403730808785055,0.0,0.0,0.0,-0.8403730808785055,0.0,167.2342430948226
RECALL/USDT,17,-0.8429939002286941,0.15615544851996194,0.11764705882352941,1.325983284540768,-1.1321908581979556,2.651966569081536,16.982862872969335
BERA/USDT,95,-0.8441401138056946,0.031056902002906336,0.042105263157894736,0.6425959894628684,-0.9094911513120052,2.5703839578514738,82.76369476939247
DOGE/USDT,184,-0.8777487567643472,0.0,0.0,0.0,-0.8777487567643472,0.0,161.50577124463987
BTC/USDT,197,-0.8790173063742521,0.0,0.0,0.0,-0.8790173063742521,0.0,173.16640935572767
0G/USDT,161,-0.8845566502740968,0.04830157159150593,0.062111801242236024,0.7227921671643769,-0.9910035918263136,7.227921671643768,149.64154236577335
H/USDT,237,-0.893775055952936,0.16327201408249742,0.10970464135021098,1.5897567699064246,-1.1998026743052743,41.333676017567036,253.15836427841288
LA/USDT,66,-0.8950641658817773,0.029214375130795577,0.045454545454545456,0.5925842658186978,-0.9659045673913237,1.7777527974560936,60.85198774565339
HBAR/USDT,239,-0.9185358617024288,0.0,0.0,0.0,-0.9185358617024288,0.0,219.5300709468805
ZRO/USDT,104,-0.9834183352677269,0.16331718823296604,0.16346153846153846,1.1743397625679155,-1.405049227948255,19.963775963654562,122.23928283149817
AAVE/USDT,199,-1.003491426382252,0.0011064063173690047,0.005025125628140704,0.22118830560006053,-1.00967667755388,0.22118830560006053,199.91598215566822
XAUT/USDT,96,-1.0334059856041,0.0,0.0,0.0,-1.0334059856041,0.0,99.2069746179936
B2/USDT,11,-1.1385638060646697,0.0,0.0,0.0,-1.1385638060646697,0.0,12.524201866711365
STO/USDT,19,-1.1958047371448917,0.050373433371518526,0.05263157894736842,1.2052095581632265,-1.3291944202175647,1.2052095581632265,23.925499563916166
HOME/USDT,121,-1.1973634082901994,0.2195790163514973,0.1322314049586777,2.5477292124115714,-1.768044188587612,40.76366739858514,185.64463980169924
RIVER/USDT,70,-1.2743288206310344,0.2090593711889792,0.15714285714285714,2.1434463376130988,-1.911541138269771,23.577909713744084,112.78092715791648
KITE/USDT,179,-1.3284494975411953,0.21285605054509732,0.16759776536312848,2.1434268337152673,-2.0274850004787384,64.30280501145802,302.095265071332
