instId,trade_count,winrate,expectancy,profit_factor,avg_win,avg_loss,avg_duration,trades,avg_pnl
APR/USDT,4,0.25,0.7635353618146721,1.6060406909484468,8.09364043284494,-1.679832995195417,,4,0.7635353618146721
FF/USDT,11,0.09090909090909091,-0.27290024412807046,0.5685510645622273,3.9558214827198888,-0.6957724168128664,,11,-0.27290024412807046
USDC/USDT,17,0.0,-0.4160300665036272,0.0,,-0.4160300665036272,,17,-0.4160300665036272
ALCH/USDT,36,0.0,-0.4242674385024555,0.0,,-0.4242674385024555,,36,-0.4242674385024555
VELVET/USDT,12,0.08333333333333333,-0.4321833423969102,0.36098896567384986,2.9297788496159,-0.7378162689435293,,12,-0.4321833423969102
GRASS/USDT,127,0.10236220472440945,-0.516530788706712,0.1732605766353305,1.0575178094948963,-0.6960275586770708,,127,-0.516530788706712
HYPE/USDT,165,0.012121212121212121,-0.5674494348881808,0.0020361409946951423,0.09551556534360196,-0.5755839747683253,,165,-0.5674494348881808
TAO/USDT,183,0.060109289617486336,-0.5799632034220137,0.05202322985664424,0.5294908519645132,-0.6509166604525474,,183,-0.5799632034220137
PEPE/USDT,226,0.0,-0.596571487833122,0.0,,-0.596571487833122,,226,-0.596571487833122
BCH/USDT,135,0.007407407407407408,-0.6321291620657417,0.0015850013619431182,0.1354746812320135,-0.6378575489560234,,135,-0.6321291620657417
LPT/USDT,140,0.06428571428571428,-0.6366014117011662,0.04238516737062145,0.43830473437770084,-0.710449925553913,,140,-0.6366014117011662
BGB/USDT,133,0.0,-0.6413146999457111,0.0,,-0.6413146999457111,,133,-0.6413146999457111
ZEC/USDT,256,0.03515625,-0.6422444411323562,0.15359663297501536,3.3151419041366212,-0.7864407047251529,,256,-0.6422444411323562
ASTER/USDT,206,0.0048543689320388345,-0.6760460286854156,0.0008611261974223686,0.1200285145669906,-0.6799293191403053,,206,-0.6760460286854156
SONIC/USDT,62,0.04838709677419355,-0.6829852308216604,0.021168851051105636,0.30526095111414114,-0.7332350366828028,,62,-0.6829852308216604
LINK/USDT,237,0.0,-0.7062920919601338,0.0,,-0.7062920919601338,,237,-0.7062920919601338
MYX/USDT,49,0.1836734693877551,-0.7130240868450679,0.15917968405343336,0.734923633369596,-1.0388123238933673,,49,-0.7130240868450679
XRP/USDT,204,0.0,-0.7139908822103862,0.0,,-0.7139908822103862,,204,-0.7139908822103862
MON/USDT,103,0.04854368932038835,-0.7185256351218958,0.02724971346043996,0.41463891566509875,-0.7763401530191915,,103,-0.7185256351218958
MOODENG/USDT,152,0.05921052631578947,-0.7262101039903798,0.0615102672845395,0.8038619163784785,-0.8225083430345737,,152,-0.7262101039903798
TRX/USDT,209,0.0,-0.7413969265465705,0.0,,-0.7413969265465705,,209,-0.7413969265465705
BNB/USDT,245,0.0,-0.7447447705005287,0.0,,-0.7447447705005287,,245,-0.7447447705005287
PAXG/USDT,25,0.0,-0.7511269959869287,0.0,,-0.7511269959869287,,25,-0.7511269959869287
SOL/USDT,222,0.0,-0.7544911388914798,0.0,,-0.7544911388914798,,222,-0.7544911388914798
XLM/USDT,259,0.0,-0.7691119491151993,0.0,,-0.7691119491151993,,259,-0.7691119491151993
ADA/USDT,214,0.028037383177570093,-0.7756789061508731,0.003965467063657651,0.1101449158733702,-0.8012315164015723,,214,-0.7756789061508731
WLD/USDT,289,0.01384083044982699,-0.7779297119759421,0.0055817800666350965,0.31548728305535856,-0.7932759154149779,,289,-0.7779297119759421
LTC/USDT,223,0.0,-0.7795081569208558,0.0,,-0.7795081569208558,,223,-0.7795081569208558
PI/USDT,124,0.16129032258064516,-0.7849735374716716,0.1819650553667663,1.0825870895813954,-1.1441198119049536,,124,-0.7849735374716716
UNI/USDT,261,0.0,-0.7866641142212597,0.0,,-0.7866641142212597,,261,-0.7866641142212597
PENGU/USDT,233,0.008583690987124463,-0.8140195540834938,0.001643034553472266,0.15607078234456712,-0.8224186046153386,,233,-0.8140195540834938
ETH/USDT,192,0.010416666666666666,-0.8199590818964979,0.006159333987833281,0.4878433670400856,-0.8337254234642514,,192,-0.8199590818964979
SUI/USDT,247,0.004048582995951417,-0.8214172972879831,0.0007413564711147592,0.1505254611457083,-0.8253682841108843,,247,-0.8214172972879831
MORPHO/USDT,169,0.04142011834319527,-0.829240681051341,0.010425070311187019,0.21091116608164498,-0.8741855139521489,,169,-0.829240681051341
AIO/USDT,3,0.0,-0.8335523173759812,0.0,,-0.8335523173759812,,3,-0.8335523173759812
AVAX/USDT,199,0.0,-0.8403730808785055,0.0,,-0.8403730808785055,,199,-0.8403730808785055
RECALL/USDT,17,0.11764705882352941,-0.8429939002286941,0.15615544851996194,1.325983284540768,-1.1321908581979556,,17,-0.8429939002286941
BERA/USDT,95,0.042105263157894736,-0.8441401138056946,0.031056902002906336,0.6425959894628684,-0.9094911513120052,,95,-0.8441401138056946
DOGE/USDT,184,0.0,-0.8777487567643472,0.0,,-0.8777487567643472,,184,-0.8777487567643472
BTC/USDT,197,0.0,-0.8790173063742521,0.0,,-0.8790173063742521,,197,-0.8790173063742521
0G/USDT,161,0.062111801242236024,-0.8845566502740968,0.04830157159150593,0.7227921671643769,-0.9910035918263136,,161,-0.8845566502740968
H/USDT,237,0.10970464135021098,-0.893775055952936,0.16327201408249742,1.5897567699064246,-1.1998026743052743,,237,-0.893775055952936
LA/USDT,66,0.045454545454545456,-0.8950641658817773,0.029214375130795577,0.5925842658186978,-0.9659045673913237,,66,-0.8950641658817773
HBAR/USDT,239,0.0,-0.9185358617024288,0.0,,-0.9185358617024288,,239,-0.9185358617024288
ZRO/USDT,104,0.16346153846153846,-0.9834183352677269,0.16331718823296604,1.1743397625679155,-1.405049227948255,,104,-0.9834183352677269
AAVE/USDT,199,0.005025125628140704,-1.003491426382252,0.0011064063173690047,0.22118830560006053,-1.00967667755388,,199,-1.003491426382252
XAUT/USDT,96,0.0,-1.0334059856041,0.0,,-1.0334059856041,,96,-1.0334059856041
B2/USDT,11,0.0,-1.1385638060646697,0.0,,-1.1385638060646697,,11,-1.1385638060646697
STO/USDT,19,0.05263157894736842,-1.1958047371448917,0.050373433371518526,1.2052095581632265,-1.3291944202175647,,19,-1.1958047371448917
HOME/USDT,121,0.1322314049586777,-1.1973634082901994,0.2195790163514973,2.5477292124115714,-1.768044188587612,,121,-1.1973634082901994
RIVER/USDT,70,0.15714285714285714,-1.2743288206310344,0.2090593711889792,2.1434463376130988,-1.911541138269771,,70,-1.2743288206310344
KITE/USDT,179,0.16759776536312848,-1.3284494975411953,0.21285605054509732,2.1434268337152673,-2.0274850004787384,,179,-1.3284494975411953
